# Russian disease names -> ICPC-3 D component. OUR writing, Apache-2.0.
#
# NOT a translation of ICPC-3. Same rule as conditions_zh.tsv. остеохондроз is
# left out on purpose: in Russian practice it names back and neck pain of
# almost any cause, not one condition a code can stand for.
surface	code	note
# ── A: general, infection ───────────────────────────────────────────────────
рак	AD25
онкология	AD25
туберкулёз	AD15
туберкулез	AD15
аллергия	AD46
аллергия на лекарства	AD41
# ── B: blood ────────────────────────────────────────────────────────────────
анемия	!ambiguous
малокровие	!ambiguous
железодефицитная анемия	BD66
лейкоз	BD25
# ── D: digestive ────────────────────────────────────────────────────────────
гастрит	DD71
язва желудка	DD70
язва двенадцатиперстной кишки	DD69
рефлюкс	DD67
гэрб	DD67
синдром раздражённого кишечника	DD78
синдром раздраженного кишечника	DD78
болезнь крона	DD79
язвенный колит	DD79
геморрой	DD84
жировой гепатоз	DD81
цирроз печени	DD81
желчнокаменная болезнь	DD82
холецистит	DD82
аппендицит	DD72
гепатит b	DD03
гепатит c	DD03
# ── F / H: eye, ear ─────────────────────────────────────────────────────────
конъюнктивит	FD01
ячмень	FD02
близорукость	FD69
катаракта	FD70
глаукома	FD71
средний отит	HD02
тугоухость	HD69
# ── G: genital, breast ──────────────────────────────────────────────────────
рак молочной железы	GD27
рак груди	GD27
миома матки	GD29
эндометриоз	GD69
аденома простаты	GD70
простатит	GD10
рак простаты	GD26
# ── K: circulation ──────────────────────────────────────────────────────────
гипертония	KD73
гипертоническая болезнь	KD73
артериальная гипертензия	KD73
инфаркт	KD65
инфаркт миокарда	KD65
ишемическая болезнь сердца	KD66
ибс	KD66
стенокардия	KD66
сердечная недостаточность	KD67
мерцательная аритмия	KD68
фибрилляция предсердий	KD68
аритмия	KD70
варикоз	KD79
тромбоз	KD78
# ── L: musculoskeletal ──────────────────────────────────────────────────────
перелом	!too-broad
артрит	!ambiguous
грыжа диска	LD67
межпозвоночная грыжа	LD67
ишиас	LD67
ревматоидный артрит	LD74
подагра	LD75
гонартроз	LD79
артроз коленного сустава	LD79
артроз	LD80
остеоартроз	LD80
остеопороз	LD81
# ── N: neurological ─────────────────────────────────────────────────────────
мигрень	ND71
инсульт	ND69
эпилепсия	ND67
болезнь паркинсона	ND66
паркинсон	ND66
неврит лицевого нерва	ND75
сотрясение мозга	ND35
# ── P: psychological ────────────────────────────────────────────────────────
деменция	PD01
болезнь альцгеймера	PD01
депрессия	PD12
тревожное расстройство	PD06
паническое расстройство	PD06
биполярное расстройство	PD04
шизофрения	PD03
окр	PD07
сдвг	PD16
аутизм	PD19
# ── R: respiratory ──────────────────────────────────────────────────────────
простуда	RD02
орви	RD02
грипп	RD07
ковид	RD08
коронавирус	RD08
пневмония	RD09
воспаление лёгких	RD09
воспаление легких	RD09
бронхит	RD06
хронический бронхит	RD67
астма	RD69
бронхиальная астма	RD69
аллергический ринит	RD65
поллиноз	RD65
гайморит	RD03
синусит	RD03
ангина	RD04
тонзиллит	RD04
хобл	RD68
рак лёгких	RD25
рак легких	RD25
# ── S: skin ─────────────────────────────────────────────────────────────────
экзема	SD69
атопический дерматит	SD69
крапивница	SD78
псориаз	SD72
акне	SD76
угревая сыпь	SD76
опоясывающий лишай	SD03
герпес	SD04
грибок стопы	SD08
бородавка	SD01
ожог	SD41
# ── T: metabolic ────────────────────────────────────────────────────────────
диабет	!ambiguous
сахарный диабет	!ambiguous
диабет 2 типа	TD72
сахарный диабет 2 типа	TD72
диабет 1 типа	TD71
сахарный диабет 1 типа	TD71
высокий холестерин	TD75
гиперхолестеринемия	TD75
дислипидемия	TD75
ожирение	TD66
гипертиреоз	TD68
гипотиреоз	TD69
гипогликемия	TD70
# ── U: urinary ──────────────────────────────────────────────────────────────
цистит	UD02
пиелонефрит	UD01
инфекция мочевых путей	UD04
хроническая болезнь почек	UD66
почечная недостаточность	UD66
мочекаменная болезнь	UD67
камни в почках	UD67
