# Russian patient language -> ICPC-3 S component. OUR writing, Apache-2.0.
#
# NOT a translation of ICPC-3 (CC BY-ND). Every left-hand side is what a person
# writes in a symptom log; the right-hand side is our judgement about the
# code, the same codes symptoms_zh.tsv and symptoms_en.tsv already use. The
# lab-panel side of Russian arrived with #88 (resolver_overrides.tsv); this is
# the complaint side. See res/icpc3/icpc3.NOTICE.
#
# NFKC does not fold ё into е, and people type both: a word with ё has a row
# for each spelling. Same two sentinels as symptoms_zh.tsv.
surface	code	note
# ── A: general ──────────────────────────────────────────────────────────────
температура	AS03
высокая температура	AS03
жар	AS03
лихорадка	AS03
озноб	AS02
слабость	AS04
усталость	AS04
утомляемость	AS04
недомогание	AS06
обморок	AS07
отёки	AS09
отеки	AS09
потливость	AS10
ночная потливость	AS10.01
боль в груди	AS12
высокий сахар	AS50.00
холодные руки и ноги	AS99.00
# ── general sentinels ───────────────────────────────────────────────────────
боль	!too-broad
болит	!too-broad
# ── D: digestive ────────────────────────────────────────────────────────────
боль в животе	DS01
болит живот	DS01
боль в желудке	DS02
болит желудок	DS02
изжога	DS03
несварение	DS07
вздутие	DS08
отрыжка	DS08
тошнота	DS09
рвота	DS10
понос	DS11
диарея	DS11
запор	DS12
кровь в стуле	DS16
зубная боль	DS19
болит зуб	DS19
стоматит	DS20
сухость во рту	DS20.00
неприятный запах изо рта	DS20.02
трудно глотать	DS21
# ── F / H: eye, ear ─────────────────────────────────────────────────────────
боль в глазах	FS01
красные глаза	FS02
ухудшение зрения	FS05
нечёткое зрение	FS05
нечеткое зрение	FS05
сухость глаз	FS07
зуд в глазах	FS07
боль в ухе	HS01
болит ухо	HS01
снижение слуха	HS02
шум в ушах	HS03
# ── G: genital, menstrual ───────────────────────────────────────────────────
болезненные месячные	GS05
боль при месячных	GS05
нерегулярные месячные	GS09
приливы	GS13.01
# ── K: circulation ──────────────────────────────────────────────────────────
сердцебиение	KS02
учащённое сердцебиение	KS02
учащенное сердцебиение	KS02
перебои в сердце	KS03
отёки ног	KS04
отеки ног	KS04
повышенное давление	KS51
давление высокое	KS51
пониженное давление	KS50
# ── L: musculoskeletal ──────────────────────────────────────────────────────
боль в шее	LS01
боль в спине	LS02
болит спина	LS02
боль в пояснице	LS03
болит поясница	LS03
боль в плече	LS07
боль в колене	LS14
болит колено	LS14
боль в мышцах	LS17
ломота в теле	LS17
боль в суставах	LS20
болят суставы	LS20
# ── N: neurological ─────────────────────────────────────────────────────────
головная боль	NS01
болит голова	NS01
покалывание	NS04
онемение	NS05
судороги	NS06
дрожь в руках	NS07
головокружение	NS09
кружится голова	NS09
# ── P: psychological ────────────────────────────────────────────────────────
тревога	PS01
тревожность	PS01
стресс	PS02
подавленность	PS03
плохое настроение	PS03
раздражительность	PS04
бессонница	PS06
плохой сон	PS06
забывчивость	PS17
# ── R: respiratory ──────────────────────────────────────────────────────────
одышка	RS02
нехватка воздуха	RS02
хрипы	RS03
храп	RS05
кашель	RS07
сухой кашель	RS07
кровь из носа	RS08
насморк	RS09
заложенность носа	RS09
чихание	RS09
боль в горле	RS12.00
болит горло	RS12.00
осиплость	RS13
мокрота	RS15
икота	RS99.00
# ── S: skin ─────────────────────────────────────────────────────────────────
зуд	SS02
чешется кожа	SS02
сыпь	SS05
сухость кожи	SS08.00
выпадение волос	SS10
# ── T / U: metabolic, urinary ───────────────────────────────────────────────
жажда	TS01
нет аппетита	TS03
потеря аппетита	TS03
набор веса	TS06
потеря веса	TS07
похудение	TS07
боль при мочеиспускании	US01
частое мочеиспускание	US02
недержание мочи	US03
кровь в моче	US06
