Antecedentes de tratamiento	Procedure History of Procedure Treatment history
Antecedentes terapéuticos	Procedure History of Procedure Treatment history
Ácaro del polvo doméstico	Dermatophagoides sp House dust mite IgE Ab
Antecedentes laborales	Occupation History of Occupation
Alfa-hidroxietozolam	Alpha hydroxyetizolam
Allo-pregnanediolona	Allo-pregnanediolone
Anti-hiperglucémicos	Anti-hyperglycemics
Beta-tromboglobulina	Thromboglobulin
Cianometahemoglobina	Cyanmethemoglobin
Ciclopropilfentanilo	Cyclopropylfentanyl
Desacetilfifampicina	Desacetylrifampicin
Diclorodifluoroetano	Dichlorodifluoroethane
Didesmetilcitalopram	Didesmethylcitalopram
Difenilmetoxiacetato	Diphenylmethoxyacetate
Fitohematoaglutinina	phytohemagglutinin
Galactosilceramidasa	Galactosylceramidase
Glicoursodeoxicolato	Glycoursodeoxycholate
Glutamilfenilalanina	Glutamylphenylalanine
Hexametilfosforamida	Hexamethylphosphoramide
Metalmetilhipurinato	Meta methylhippurate
Metilnortestosterona	Methylnortestosterone
Microcalcificaciones	Microcalcifications
Monolisocardiolipina	Monolysocardiolipin
N'-metilnicotinamida	N'-Methylnicotinamide
N-acetil-L-aspartato	N-acetyl-L-aspartate
N-acetil-L-glutamato	N-acetyl-L-glutamate
N-acetilprocainamida	N-acetylprocainamide
N-metildietanolamina	N-methyldiethanolamine
Perfluorododecanoato	Perfluorododecanoate
Perfluoroundecanoato	Perfluoroundecanoate
Prolilhidroxiprolina	Prolylhydroxyproline
Tauroursodeoxicolato	Tauroursodeoxycholate
Tetrahidrocannabinol	Tetrahydrocannabinol
Triclorofluorometano	Trichlorofluoromethane
n-perfluorooctanoato	n-Perfluorooctanoate
propofol-glucurónido	Propofol glucuronide
Acarboxiprotrombina	Acarboxyprothrombin
Acetilcolinesterasa	Acetylcholinesterase
Aspartilglucosamina	Aspartylglycosamine
Bromodifenhidramina	Bromodiphenhydramine
Desalquil-halazepan	Desalkylhalazepam
Desbutilbupivacaina	Desbutylbupivacaine
Desoxirribonucleasa	Deoxyribonuclease
Dextrometanfetamina	Dextromethamphetamine
Dietilcarbamacepina	Diethylcarbamazepine
Feniletilmalonamida	Phenylethylmalonamide
Fenilfosfonotionato	O-Ethyl O-(p-nitrophenyl) phenylphosphonothionate
Fenolsulfonftaleína	Phenolsulphonphthalein
Fumarilacetoacetato	Fumarylacetoacetate
Glicosaminoglicanos	Glycosaminoglycans
Hidrocorticosterona	Hydrocorticosterone
Hidroxi-aripiprazol	Hydroxyaripiprazole
Hidroxidecanodioato	Hydroxydecanedioate
Macrocreatinquinasa	Creatine kinase
Micromegacariocitos	Micromegakaryocytes
Mucopolisacaridosis	Mucopolysaccharidosis
N-desmetilasenapina	N-Desmethylasenapine
N-monometilarginina	N-monomethylarginine
O-desmetilencainida	O-desmethylencainide
Octadecatetraenoato	Octadecatetraenoate
Perfluoroheptanoato	Perfluoroheptanoate
S-adenosilmetionina	S-adenosylmethionine
Sialooligosacáridos	Sialooligosaccharides
Sulfaclorpiridazina	Sulfachloropyridazine
Tetahidrobiopterina	Tetrahydrobiopterin
Tetrahidrocortisona	Tetrahydrocortisone
Tetrahidrogestriona	Tetrahydrogestrinone
Triclorofluoroetano	Trichlorofluoroethane
Alfa-L-iduronidasa	Alpha-L-iduronidase
Anticonvulsivantes	Anticonvulsants
Bendroflumetiazida	Bendroflumethiazide
Beta-propiolactona	Beta-propiolactone
Carboxihemoglobina	Carboxyhemoglobin
Dehidroaripiprazol	Dehydroaripiprazole
Dehidronorketamina	Dehydronorketamine
Desalquilgidazepam	Desalkylgidazepam
Desetilvardenafilo	Desethylvardenafil
Dietilestilbestrol	Diethylstilbestrol
Dihidroxicolestano	Dihydroxycholestanoate
Fenilpropanolamina	Phenylpropanolamine
Formiminoglutamato	Formiminoglutamate
Fosfatidilglicerol	Phosphatidylglycerol
Fosfatidilinositol	Phosphatidylinositol
Fosfofructoquinasa	Phosphofructokinase
Glicerofosfocolina	Glycerophosphocholine
Glicoiodeoxicolato	Glycohyodeoxycholate
Glucosilceramidasa	Glucosylceramidase
Hexaclorobutadieno	Hexachlorobutadiene
Hexanoclorobenceno	Hexachlorobenzene
Hidroxietil-valina	Hydroxyethyl valine
Hidroxiperhexilina	Hydroxyperhexiline
L-leucil-L-prolina	L-leucyl-L-proline
Lisoesfingomielina	Lyso-sphingomyelin
Metacoproporfirina	Methcoproporphyrin
Metilandrostendiol	Methylandrostenediol
N-etilnicotinamida	N-ethylnicotinamide
N-nervoesfingosina	N-Nervonoylsphingosine
N-nitrosomorfolina	N-nitrosomorpholine
Norclordiacepóxido	Norchlordiazepoxide
O-desmetiltraMADol	O-desmethyltramadol
Parafenilendiamina	Paraphenylenediamine
Perfluorodecanoato	Perfluorodecanoate
Perfluorohexanoato	Perfluorohexanoate
Perfluorononanoato	Perfluorononanoate
Perfluorooctanoato	Perfluorooctanoate
Polibromobifenilos	Polybrominated biphenyl
Pro-adrenomedulina	proADM
Simpaticomiméticos	Sympathomimetics
Tauroiodeoxicolato	Taurohyodeoxycholate
Tetrahidrocortisol	Tetrahydrocortisol
Uridil-transferasa	Uridyl transferase
Beta-aminoadipato	Beta aminoadipate
Carboximefloquina	Carboxymefloquine
Deoxipiridinolina	Deoxypyridinoline
Desetilamiodarona	Desethylamiodarone
Desmetilzopiclona	Desmethylzopiclone
Desoxihemoglobina	Deoxyhemoglobin
Dimetiltriptamina	Dimethyltryptamine
Eicosapentaenoico	Eicosapentaenoate
Feniletilmalonato	Phenylethylmalonate
Hemoglobinopatías	Hemoglobin disorders
Hidroclorotiazida	hydroCHLOROthiazide
Hidroflumetiacida	Hydroflumethiazide
Hidroxialprazolam	Hydroxyalprazolam
Hidroxicloroquina	Hydroxychloroquine
Hidroxicobalamina	Hydroxocobalamin
Hidroxilurasidona	Hydroxylurasidone
Hidroxitraconazol	Hydroxyitraconazole
Inmunodeficiencia	Immunodeficiency
Isobutirilglicina	Isobutyrylglycine
Isocoproporfinina	Isocoproporphyrin
Isovalerilglicina	Isovalerylglycine
Levometanfetamina	Levomethamphetamine
Lipoproteínlipasa	Lipoprotein lipase
Metilprednisolona	Methylprednisolone
Metiltestosterona	methylTESTOSTERone
Monoacetildapsona	Monoacetyldapsone
Monofluoroacetato	Monofluoroacetate
Monometilarsónico	Monomethylarsonate
Mucopolisacáridos	Mucopolysaccharides
N-octanoilglicina	N-octanoylglycine
Promegacariocitos	Promegakaryocytes
Succiniladenosina	Succinyladenosine
Tetracloroetileno	Tetrachloroethylene
Tetradecanedioato	Tetradecanedioate
Tetradecenedioato	Tetradecenedioate
Triclorometiazida	Trichlormethiazide
Trospectinomicina	Trospectinomycin
Zopiclona-N-óxido	Zopiclone-N-oxide
Acetildigitoxina	Acetyldigitoxin
Adenilosuccinato	Adenylosuccinate
Alfa-internexina	Alpha-internexin
Angiotensinógeno	Angiotensinogen
Benzilpiperazina	Benzylpiperazine
Benzoilcarnitina	Benzoylcarnitine (BzCn)
Bromosulftaleina	Bromsulphthalein
Butirilfentanilo	Butyrylfentanyl
Clortetraciclina	Chlortetracycline
Colecistoquinina	Cholecystokinin
Coriomamotropina	Choriomammotropin
D-pseudoefedrina	D-pseudoephedrine
Dehidroascorbato	Dehydroascorbate
Deoxicoliglicina	Deoxycholylglycine
Desaminotirosina	Desaminotyrosine
Descloroetizolam	Deschloroetizolam
Deuteroporfirina	Deuteroporphyrin
Dextroanfetamina	Dextroamphetamine
Diclorobenzidina	Dichlorobenzidine
Dihidroboldenona	Dihydroboldenone
Diisobutilcetona	Diisobutylketone
Dimetilacetamida	Dimethylacetamide
Dimetilarsiniato	Dimethylarsinate
Dimetilformamida	Dimethylformamide
Dimetilsulfóxido	Dimethylsulfoxide
Dinorsibutramina	Dinorsibutramine
Diseritropoyesis	Dyserythropoiesis
Espaermatozoides	Spermatozoa
Especiociliatina	Speciociliatine
Fosfatidilcolina	Phosphatidylcholine
Fosfatidiletanol	Phosphatidylethanol
Fosfatidilserina	Phosphatidylserine
Fosfoetanolamina	Phosphoethanolamine
Fosfoglucomutasa	Phosphoglucomutase
Furanilfentanilo	Furanylfentanyl
Glicodeoxicolato	Glycodeoxycholate
Glucosilceramida	Glucosylceramide
Guanidinoacetato	Guanidinoacetate
Heptacarboxilato	Heptacarboxylate
Heptaclorepoxido	Heptachlor epoxide
Hexadecanedioato	Hexadecanedioate
Hidroxibupropión	Hydroxybupropion
Hidroxicalcidiol	Hydroxycalcidiol
Hidroxitriazolam	Hydroxytriazolam
Hipoglucemiantes	Hypoglycemics
Isobutilcarbinol	Isobutylcarbinol
Megacarioblastos	Megakaryoblasts
Metilendianilina	Methylenedianiline
Metilmetacrilato	Methylmethacrylate
Monocloroacetato	Monochloroacetate
N-acetiltirosina	N-acetyltyrosine
N-metilacetamida	N-methylacetamide
N-metilhistamina	N-methylhistamine
Norparametadiona	Norparamethadione
Pancitoqueratina	Pancytokeratin
Pentacarboxilato	Pentacarboxylate
Pregnanetriolona	Pregnanetriolone
Propiltiouracilo	Propylthiouracil
Propionilglicina	Propionylglycine
Quenodeoxicolato	Chenodeoxycholate
Rolitetraciclina	Rolitetracycline
Salicilcarnitina	Salicylcarnitine
Sulfohemoglobina	Sulfhemoglobin
Taurodeoxicolato	Taurodeoxycholate
Tetrahidrofolato	Tetrahydrofolate
Tetrahidrofurano	Tetrahydrofuran
Tricoloroetileno	Trichloroethylene
Trihexilfenidilo	Trihexyphenidyl
Trimetobenzamida	Trimethobenzamide
Ureidopropionato	Ureidopropionate
Valerilfentanilo	Valerylfentanyl
Alfa-sinucleina	Alpha synuclein
Alocistationina	Allocystathionine
Aminosalicilato	Aminosalicylate
Androstenediona	Androstenedione
Arginosuccinato	Argininosuccinate
Aspartilglicina	Aspartylglycine
Autoanticuerpos	Autoantibodies
Bencilhidrazina	Benzylhydrazine
Benzodiacepinas	Benzodiazepines
Benzodiazepinas	Benzodiazepines
Benzoilecgonina	Benzoylecgonine
Beta-sitosterol	Beta sitosterol
Betabloqueantes	Beta blockers
Bromoferinamina	Brompheniramine
Ciclobenzaprina	Cyclobenzaprine
Circunferencial	circumferential
Citomegalovirus	Cytomegalovirus
Clordiazepóxido	chlordiazePOXIDE
Cloroanfetamina	Chloroamphetamine
Crioaglutininas	Cold agglutinin
Criofibrinogeno	Cryofibrinogen
Crotonilglicina	Crotonylglycine
Dextrometorfano	Dextromethorphan
Dimetanfetamina	Dimetamphetamine
Dimetil-sulfato	Dimethyl sulfate
Docosatrienoato	Docosatrienoate
Eicosatrienoato	Eicosatrienoate
Enteropeptidasa	Enteropeptidase
Epiandrosterona	Epiandrosterone
Epiclorohidrina	Epichlorohydrin
Epipregnanolona	Epipregnanolone
Epitestosterona	Epitestosterone
Eslicarbazepina	Eslicarbazepine
Espectinomicina	Spectinomycin
Espermatozoides	Spermatozoa
Espironolactona	Spironolactone
Estreptoquinasa	Streptokinase
Fenilglioxilato	Phenylglyoxylate
Feniltoloxamina	Phenyltoloxamine
Fludrocortisona	Fludrocortisone
Fluoroquinolona	Fluoroquinolone
Fluoximesterona	Fluoxymesterone
Gamma-amanitina	Gamma-amanitin
Glicolitocolato	Glycolithocholate
Hematoporfirina	Hematoporphyrin
Heptacloepoxido	Heptachlorepoxide
Hexacarboxilato	Hexacarboxylate
Hexanoilglicina	Hexanoylglycine
Isoxantopterina	Isoxanthopterin
Laminaribiosido	Laminaribioside
Levomepromazina	Methotrimeprazine
Macroprolactina	Macroprolactin
Malondialdehido	Malondialdehyde
Malondialdehído	Malondialdehyde
Metahemoglobina	Methemoglobin
Metilenediamina	Methylenediamine
Metilergonovina	Methylergonovine
Metilisocianato	Methyl isocyanate
Mevalonolactona	Mevalonolactone
Mieloperoxidasa	Myeloperoxidase
N-etilpentilona	N-Ethylpentylone
Nitrofurantoína	Nitrofurantoin
Norbuprenorfina	Norbuprenorphine
Norcanfentanilo	Norcarfentanil
Norclomipramina	Norclomipramine
Norfenfluramina	Norfenfluramine
Nortrimipramina	Nortrimipramine
Oxitetraciclina	Oxytetracycline
P-nitrobifenilo	P-nitrobiphenyl
Pemptoporfirina	Pemptoporphyrin
Pentaclorofenol	Pentachlorophenol
Poiquilocitosis	Poikilocytosis
Porfobilinogeno	Porphobilinogen
Pregnanelodiona	Pregnanediolone
Prequeratocitos	Prekeratocytes
Proclorperazina	Prochlorperazine
Pronormoblastos	Pronormoblasts
Propilhexedrina	Propylhexedrine
Propionaldehído	Propionaldehyde
Prostaglandinas	Prostaglandins
Pseudocilindros	Pseudocasts
Quitotriosidasa	Chitotriosidase
Succinilacetona	Succinylacetone
Succinilpurinas	Succinylpurines
Sulfadimetoxina	Sulfadimethoxine
Taurolitocolato	Taurolithocholate
Termotolerancia	Thermotolerance
Tetracloroetano	Tetrachloroethane
Tranilcipromina	Tranylcypromine
Tranquilizantes	Tranquilizers
Tricloroacetato	Trichloroacetate
Triclorotiazida	Trichlorothiazide
Trifluoperazina	Trifluoperazine
Triflupromazina	Triflupromazine
Triiodotironina	Triiodothyronine
Troleandomicina	Troleandomycin
Ursodeoxicolato	Ursodeoxycholate induced platelet
beta-hemolitico	beta-hemolytic
hospitalizacion	Hospitalization
vaniloilglicina	Vanilloylglycine
Acetilcisteína	Acetylcysteine
Acrilfentanilo	Acrylfentanyl
Alfa-amanitina	Alpha-amanitin
Alfa-tocoferol	Alpha tocopherol
Aminoacidemias	Amino acidemias
Aminoglucósido	Aminoglycoside
Androstanolona	Androstanolone
Androstenodiol	Androstanediol
Androstentriol	Androstenetriol
Anidulafungina	Anidulafungin
Antidepresivos	Antidepressants
Antidiuréticos	Antidiuretics
Antihistaminas	Histamine H1 receptor antagonist
Antimicrobiano	Antimicrobials
Antipsicóticos	Antipsychotics
Beta-amanitina	Beta-amanitin
Butirilglicina	Butyrylglycine
Ceruloplasmina	Ceruloplasmin
Ciclofosfamida	Cyclophosphamide
Ciprofloxacino	Ciprofloxacin
Ciproheptadina	Cyproheptadine
Citoplásmatico	Cytoplasmic
Claritromicina	Clarithromycin
Clinafloxacino	Clinafloxacin
Clorfeniramina	Chlorpheniramine
Clorfentermina	Chlorphentermine
Clorobenzilato	Chlorobenzilate
Colecalciferol	Cholecalciferol
Colesterol-LDL	Cholesterol
Coproporfirina	Coproporphyrin
Corticosterona	Corticosterone
Corticotropina	Corticotropin
Creatinquinasa	Creatine kinase
Crotoxifosfato	Crotoxyphos
Decadienediato	Decadienediate
Demeclociclina	Demeclocycline
Deoxiadenosina	Deoxyadenosine
Deoxiguanosina	Deoxyguanosine
Dextromoramida	Dextromoramide
Diclorfenamida	Dichlorphenamide
Diclorobenceno	Dichlorobenzene
Dicloxacillina	Dicloxacillin
Dietilenglicol	Diethylene glycol
Difenhidramina	diphenhydrAMINE
Dihidrocodeina	Dihydrocodeine
Dihidrocodeína	Dihydrocodeine
Dihidroorotato	Dihydroorotate
Dimenhidrinato	dimenhyDRINATE
Dimetilanilina	N,N-Dimethylaniline
Dimetilbenzeno	Dimethylbenzene
Dimetilftalato	Dimethylphthalate
Dinitrobenceno	Dinitrobenzene
Docosadienoato	Docosadienoate
Dodecanodioato	Dodecanedioate
Eicosadienoato	Eicosadienoate
Esfingomielina	Sphingomyelin
Espermatogonia	Spermatogonia
Espermatozoide	Spermatozoa
Estafilolisina	Staphylolysin
Estreptavidina	Streptavidin
Estreptomicina	Streptomycin
Etilanfetamina	Ethylamphetamine
Etiocolanolona	Etiocholanolone
Everninomicina	Everninomicin
Fenazopiridina	Phenazopyridine
Fendimetrazina	Phendimetrazine
Fluorocarbonos	Fluorocarbons
Fluorometolona	Fluorometholone
Galactoquinasa	Galactokinase
Glicoproteinas	Glycoproteins
Glucopsicosina	Glucopsychosine
Glutaraldehído	Glutaraldehyde
Grepafloxacino	Grepafloxacin
Heptadecenoato	Heptadecenoate
Hexacloroetano	Hexachloroethane
Hidrocortisona	Hydrocortisone induced platelet
Hidroxiapatita	Hydroxyapatite
Hidroxiprolina	Hydroxyproline
Hiodeoxicolato	Hyodeoxycholate
Inmunocomplejo	Immune complex
Interpretación	Interpretation
Isocarboxazida	Isocarboxazid
L-homoarginina	L-homoarginine
Lactoglobulina	Lactoglobulin
Levoanfetamina	Levoamphetamine
Macroglobulina	Macroglobulin
Marbofloxacina	Marbofloxacin
Megacariocitos	Megakaryocytes
Mercaptopurina	Mercaptopurine
Metamielocitos	Metamyelocytes
Meticlotiacida	Methyclothiazide
Metilfentanilo	Methylfentanyl
Metilformamida	Methyl formamide
Metilsuccinato	Methylsuccinate
Metoxifenamina	Methoxyphenamine
Microorganismo	Microorganism
Microsporidios	Microsporidia
N-metil-valina	N-methyl valine
Neurofilamento	Neurofilament
Nitroglicerina	Nitroglycerin induced platelet
Noretandrolona	Norethandrolone
Norfluvoxamina	Norfluvoxamine
Norhidrocodona	Norhydrocodone
Normaprotilina	Normaprotiline
Normefenitoína	Normephenytoin
Normetanefrina	Normetanephrine
Normetsuximida	Normethsuximide
Norpropoxifeno	Norpropoxyphene
Norsibutramina	Norsibutramine
Norsildenafilo	Norsildenafil
Norsufentanilo	Norsufentanil
Norvenlafaxina	O-desmethylvenlafaxine
Oligosacáridos	Oligosaccharides
Organoclorados	Organochloride
Oxifenbutazona	Oxyphenbutazone
Oxihemoglobina	Oxyhemoglobin
Pancreastatina	Pancreastatin
Paraneoplasico	Paraneoplastic
Pentadecanoato	Pentadecanoate
Piridostigmina	Pyridostigmine
Pradofloxacina	Pradofloxacin
Premafloxacina	Premafloxacin
Pristinamicina	Pristinamycin
Procalcitonina	Procalcitonin
Propileneimina	Propyleneimine
Propilenglicol	Propylene glycol
Propilparabeno	Propylparaben
Prostaglandina	Prostaglandin
Proteinquinasa	Protein kinase
Protoporfirina	Protoporphyrin
Prulifloxacina	Prulifloxacin
Psedoheptulosa	Sedoheptulose
Pseudoefedrina	Pseudoephedrine
Suberilglicina	Suberylglycine
Succinilcolina	Succinylcholine
Sulfametoxazol	Sulfamethoxazole
Sulfometoxazol	Sulfamethoxazole
Tietilperazina	Thiethylperazine
Tiodiglicolato	Thiodiglycolate
Tiroperoxidasa	Thyroperoxidase
Tricloroetanol	Trichloroethanol
Trombopoyetina	Thrombopoietin
Valerilglicina	Valerylglycine
Valganciclovir	valGANciclovir induced platelet
Vanilmandelato	Vanillylmandelate
Virginiamicina	Virginiamycin
hidroxiprolina	Hydroxyproline
Acetaminofeno	Acetaminophen
Acetazolamida	acetaZOLAMIDE
Acetofenacina	Acetophenazine
Acetohexamida	acetoHEXAMIDE
Acilcarnitina	Acylcarnitine
Acrilaldehído	Acrylaldehyde
Acrilonitrilo	Acrylonitrile
Alanilprolina	Alanylproline
Alminoprofeno	Alminoprofen
Aloisoleucina	Alloisoleucine
Amdinocillina	Amdinocillin
Aminobenzoato	Aminobenzoate
Aminocaproato	Aminocaproate
Amitriptilina	Amitriptyline
Antioxidantes	Antioxidants
Arilsulfatasa	Arylsulfatase
Arsenobetaína	Arsenobetaine
Bacampicilina	Bacampicillin
Bambermicinas	Bambermycins
Besifloxacino	Besifloxacin
Beta-catenina	Beta catenin
Bralobarbital	Brallobarbital
Bromocriptina	Bromocriptine
Butilparabeno	Butylparaben
Calprotectina	Calprotectin
Cannabinoides	Cannabinoids
Carbamazepina	carBAMazepine
Carbapenemasa	Carbapenemase
Carbenicilina	Carbenicillin
Carbinoxamina	Carbinoxamine
Carbofenotion	Carbophenothion
Carbohidratos	Carbohydrates
Cardiolipinas	Cardiolipin
Catecolaminas	Catecholamines
Cefaloglicina	Cephaloglycin
Cefalosporina	Cephalosporin
Centroblastos	Plasma cells
Centrosomales	centrosomal
Ciclohexanona	Cyclohexanone
Cicloheximida	Cycloheximide
Citoesqueleto	Cytoskeleton
Cloranfenicol	Chloramphenicol
Clorofacinona	Chlorophacinone
Cloromezanona	Chlormezanone
Clorozoxazona	Chlorzoxazone
Clorprenalina	Clorprenaline
Clorpropamida	chlorproPAMIDE
Clorprotixeno	Chlorprothixene
Colinesterasa	Cholinesterase
Colistimetato	Colistimethate
Crioglobulina	Cryoglobulin
Crioproteínas	Cryoproteins
Danofloxacina	Danofloxacin
Desintegrados	disintegrated
Desloratadina	Desloratadine
Dibenzofurano	Dibenzofuran
Dietanolamina	Diethanolamine
Dietilpropión	Diethylpropion
Dietilsulfato	Diethylsulfate
Dihidrofolato	Dihydrofolate
Dihidrotimina	Dihydrothymine
Dinoflagelado	Dinoflagellate
Diritromicina	Dirithromycin
Emtricitabina	Emtricitabine
Eritroblastos	Erythroblasts
Esquistocitos	Schistocytes
Estercobilina	Stercobilin
Estigmastanol	Stigmastanol
Estigmasterol	Stigmasterol
Estomatocitos	Stomatocytes
Fenilbutazona	Phenylbutazone
Fenilpiruvato	Phenylpyruvate
Fenolftaleína	Phenolphthalein
Finafloxacina	Finafloxacin
Fitomenadiona	Phytonadione
Flubromazepan	Flubromazepam
Fluorouracilo	Fluorouracil
Flurbiprofeno	Flurbiprofen
Formononetina	Formononetin
Fructoquinasa	Fructokinase
Furoilglicina	Furoylglycine
Galactomanano	Galactomannan
Galactosamina	Galactosamine
Gamitromicina	Gamithromycin
Gatifloxacino	Gatifloxacin
Gemifloxacino	Gemifloxacin
Glicilprolina	Glycylproline
Griseofulvina	Griseofulvin
Hexaclorofeno	Hexachlorophene
Hialuronidasa	Hyaluronidase
Hidroxilisina	Hydroxylysine
Homocarnosina	Homocarnosine
Homocitrulina	Homocitrulline
Homogentisato	Homogentisate
Identificador	Identifier
Isotonitazeno	Isotonitazene
Isotretinoína	ISOtretinoin induced platelet
Lactoalbúmina	Lactalbumin
Lomefloxacina	Lomefloxacin
Meclofenamato	Meclofenamate
Megaloblastos	Megaloblasts
Mesoporfirina	Mesoporphyrin
Metanfetamina	Methamphetamine
Metemalbumina	Methemalbumin
Metil-Azinfos	Azinphos-methyl
Metilacrilato	Methylacrylate
Metilefedrina	MethylePHEDrine
Metilfenidato	Methylphenidate
Metilhipurato	Methylhippurate
Metilmalonato	Methylmalonate
Metilmercurio	Methylmercury
Metilparabeno	Methylparaben
Metoxiacetato	Methoxyacetate
Metoxiflurano	Methoxyflurane
Microalbúmina	Microalbumin
Monocloramina	Monochloramine
Mononucleares	Mononuclear cells
Moxifloxacino	Moxifloxacin
Neurocondrina	Neurochondrin
Nitroprusiato	Nitroprusside
Nitrosonaftol	Nitrosonaphthol
Nomirtazapine	Normirtazapine
Norepinefrina	Norepinephrine
Norfluoxetina	Norfluoxetine
Normeperidina	Normeperidine
Normianserina	Normianserin
Norolanzapina	Norolanzapine
Noroximorfona	Noroxymorphone
Norquetiapina	Norquetiapine
Norsertralina	Norsertraline
Nortamoxifeno	Nortamoxifen
Nortriptilina	Nortriptyline
Norverapamilo	Norverapamil
Octadecanoato	octadecanoate
Oleandomicina	Oleandomycin
Orbifloxacino	Orbifloxacin
Oxcarbazepina	OXcarbazepine
Oxifenisatina	Oxyphenisatin
Parametadiona	Paramethadione
Pendimetalina	Pendimethalin
Pentoxifilina	Pentoxifylline
Pivampicilina	Pivampicillin
Plaquetocrito	Plateletcrit
Precalicreína	Prekallikrein
Procedimiento	Procedure
Prolinfocitos	Prolymphocytes
Promielocitos	Promyelocytes
Propifenazona	Propyphenazone
Protonitazeno	Protonitazene
Protriptilina	Protriptyline
Psedoheptitol	Sedoheptitol
Pseudouridina	Pseudouridine
Quilomicrones	Chylomicrons
Quimioterapia	Chemotherapy
Quimotripsina	Chymotrypsin
Recomendación	Recommendation
Reticulocitos	Reticulocytes
Rosiglitazona	Rosiglitazone induced platelet
Roxitromicina	Roxithromycin
Sarafloxacina	Sarafloxacin
Sinaptofisina	Synaptophysin
Solitromicina	Solithromycin
Somatostatina	Somatostatin
Somatotropina	Somatotropin
Sparfloxacino	Sparfloxacin
Sulfametacina	Sulfamethazine
Sulfapiridina	Sulfapyridine
Sulfocisteina	Sulfocysteine
Sulfonilureas	Sulfonylurea
Sulforidazina	Sulforidazine
Talampicilina	Talampicillin
Telitromicina	Telithromycin
Temafloxacina	Temafloxacin
Teriflunomida	Teriflunomide
Tiglilglicina	Tiglylglycine
Tildipirosina	Tildipirosin
Tiroglobulina	Thyroglobulin
Tosufloxacina	Tosufloxacin
Transaldolasa	Transaldolase
Transcetolasa	Transketolase
Transparencia	Clarity
Transtiretina	Transthyretin
Triamcinolona	Triamcinolone
Tricloroetano	Trichloroethane
Triglicéridos	Triglyceride
Trimeperidina	Trimeperidine
Trimetilamina	Trimethylamine
Triosaquinasa	Triokinase
Tripelenamina	Tripelennamine
Tulatromicina	Tulathromycin
Urobilinógeno	Urobilinogen
colinesterasa	Cholinesterase
eosinofílicos	eosinophilic
macrohepática	macrohepatic
Acenocumarol	Acenocoumarol
Acepromacina	Acepromazine
Acetaldehído	Acetaldehyde
Acetilcolina	Acetylcholine
Acetoacetato	Acetoacetate
Acetonitrilo	Acetonitrile
Adipolactona	Adipolactone
Adiponectina	Adiponectin
Adulterantes	Adulterants
Alucinógenos	Hallucinogens
Androsterona	Androsterone
Anisocitosis	Anisocytosis
Antitrombina	Antithrombin
Antraquinona	Anthraquinone
Araquidonato	Arachidonate
Arsenocolina	Arsenocholine
Azitromicina	Azithromycin
Barbituratos	Barbiturates
Barbituricos	Barbiturates
Benzaldehído	Benzaldehyde
Benzatropina	Benztropine
Benzfetamina	Benzfetamine
Benzotiazida	Benzthiazide
Betametasona	Betamethasone
Bivalirudina	Bivalirudin induced platelet
Bradiquinina	Bradykinin
Brexpiprazol	Brexpiprazole
Bromadiolona	Bromadiolone
Buprenorfina	Buprenorphine
Butriptilina	Butriptyline
Capreomicina	Capreomycin
Cardiolipina	Cardiolipin
Carfentanilo	Carfentanil
Caspofungina	Caspofungin
Cefaloridina	Cephaloridine
Cefoperazona	Cefoperazone
Ceftobripole	Ceftobiprole
Cetobemidona	Ketobemidone
Cicloguanilo	Cycloguanil
Ciclohexanol	Cyclohexanol
Ciclopropano	Cyclopropane
Ciclosporina	cycloSPORINE
Ciclotiazida	Cyclothiazide
Cistationina	Cystathionine
Clindamicina	Clindamycin
Clomipramina	clomiPRAMINE
Clorhexidina	Chlorhexidine
Clormerodrin	Chlormerodrin
Cloroacetato	Chloroacetate
Clorobenceno	Chlorobenzene
Clorociclina	Chlorocycline
Clorotiazida	Chlorothiazide
Clortalidona	Chlorthalidone
Colilglicina	Cholylglycine
Consistencia	Consistency
Cromogranina	Chromogranin
Cropropamida	Cropropamide
Cumatetralil	Coumatetralyl
Dalbavancina	Dalbavancin
Deoxiinosina	Deoxyinosine
Deoxiuridina	Deoxyuridine
Deoxivalenol	Deoxynivalenol
Dexametasona	Dexamethasone
Dicloroetano	Dichloroethane
Difenoxilato	Diphenoxylate
Dinitrofenol	Dinitrophenol
Disopiramida	Disopyramide
Doxorubicina	DOXOrubicin
Drepanocitos	Sickle cells
Drostanolona	Drostanolone
Electrolitos	Electrolytes
Enterotoxina	Enterotoxin
Eptifibatida	Eptifibatide induced platelet
Eravaciclina	Eravacycline
Ergocriptina	Ergocryptine
Ergocristina	Ergocristine
Eritromicina	Erythromycin
Escopolamina	Scopolamine
Espermátides	Spermatids
Espiramicina	Spiramycin
Estimulantes	Stimulants
Estiripentol	Stiripentol
Estreptococo	Streptococcus
Etileneimina	Ethyleneimine
Etilenglicol	Ethylene glycol
Etilestrenol	Ethylestrenol
Etilmalonato	Ethylmalonate
Etilparabeno	Ethylparaben
Etoheptazina	Ethoheptazine
Fencamfamina	Fencamfamin
Fenciclidina	Phencyclidine
Feneticilina	Phenethicillin
Fenetilamina	Phenethylamine
Fenfluramina	Fenfluramine
Fenilacetato	Phenylacetate
Fenilalanina	Phenylalanine
Fenilcetonas	Phenylketones
Fenmetrazina	Phenmetrazine
Fenobarbital	PHENobarbital
Fenotiazinas	Phenothiazines
Fenprocumona	Phenprocoumon
Fibronectina	Fibronectin
Fidaxomicina	Fidaxomicin
Fitosteroles	Sterols
Fluspirileno	Fluspirilene
Fluvastatina	Fluvastatin induced platelet
Follitropina	Follitropin
Formaldehido	Formaldehyde
Fosfenitoina	Fosphenytoin
Fosfolípidos	Phospholipid
Fructosamina	Fructosamine
Furazolidona	Furazolidone
Garenoxacino	Garenoxacin
Gemfibrozilo	Gemfibrozil
Granulocitos	Granulocytes
Guaifenesina	guaiFENesin
Haptoglobina	Haptoglobin
Hemosiderina	Hemosiderin
Hidromorfona	HYDROmorphone
Hidroquinona	Hydroquinone
Homocisteina	Homocysteine
Homocisteína	Homocysteine
Homovanilato	Homovanillate
Indometacina	Indomethacin
Isavuconazol	Isavuconazole
L-homoserina	L-homoserine
Lactobacilos	Lactobacillales
Lactoferrina	Lactoferrin
Leuprorelina	Leuprolide induced platelet
Levalbuterol	Levalbuterol induced platelet
Levotiroxina	Levothyroxine
Licuefacción	Liquefaction
Linfoblastos	Lymphoblasts
Lipoproteina	Lipoprotein
MAB-CHMINACA	MAB-CHMINACA butanoate
Macroamilasa	Macroamylase
Macroblastos	Macroblasts
Meclociclina	Meclocycline
Medetomidina	Medetomidine
Mefentermina	Mephentermine
Mefobarbital	Mephobarbital
Mesoridazina	Mesoridazine
Metabarbital	Metharbital
Metandienona	Metandienone
Metanefrinas	Metanephrines
Metapirileno	Methapyrilene
Metazolamida	methazolAMIDE
Methoxsaleno	Methoxsalen
Metocarbamol	Methocarbamol
Metonitazeno	Metonitazene
Metronidazol	metroNIDAZOLE
Mieloblastos	Myeloblasts
Mucoproteína	Mucoprotein
Neurotensina	Neurotensin
Nicotinamida	Nicotinamide
Nicotinurato	Nicotinurate
Nitazoxanida	Nitazoxanide
Nitrobenceno	Nitrobenzene
Norastemizol	Norastemizole
Norclozapina	Norclozapine
Nordotiepina	Nordothiepin
Noretindrona	Norethindrone
Norfenefrina	Norfenefrine
Norfentanilo	Norfentanyl
Norfloxacina	Norfloxacin
Normoblastos	Normoblasts
Normocrómica	Normochromic
Noroxicodona	Noroxycodone
Octenodioato	Octenedioate
Omadaciclina	Omadacycline
Oritavancina	Oritavancin
Osteoblastos	Osteoblasts
Osteocalcina	Osteocalcin
Osteonectina	Osteonectin
Oxaliplatino	Oxaliplatin induced platelet
Oximesterona	Oxymesterone
Oxitrifilina	Oxytriphylline
Paramomicina	Paromomycin
Penicilamina	Penicillamine
Pioglitazona	Pioglitazone induced platelet
Piperacilina	Piperacillin
Pirazinamida	Pyrazinamide
Piridinolina	Pyridinoline
Pirimetamina	Pyrimethamine
Pirovalerona	Pyrovalerone
Plasminógeno	Plasminogen
Policromasia	Polychromasia
Pravastatina	Pravastatin induced platelet
Prednisolona	prednisoLONE
Pregnanodiol	Allo-pregnanediol
Pregnanolona	Pregnanolone
Pregnantriol	Pregnanetriol
Pregnenolona	Pregnenolone
Procainamida	Procainamide
Prociclidina	Procyclidine
Progesterona	Progesterone
Prohepcidina	Pro-hepcidin
Promonocitos	Promonocytes
Propiomazina	Propiomazine
Protionamida	Prothionamide
Protipendilo	Prothipendyl
Quimopapaina	Chymopapain
Quitobiósido	Chitobioside
Ribonucleasa	Ribonuclease
Salicilurato	Salicylurate
Salinomicina	Salinomycin
Sepiapterina	Sepiapterin
Suero-Plasma	SerPl
Sulfadiazina	sulfADIAZINE
Sulfametizol	Sulfamethizole
Sulfisoxazol	sulfiSOXAZOLE
Surfactantes	Surfactants
Teicoplanina	Teicoplanin
Testolactona	Testolactone
Testosterona	Testosterone
Tetraciclina	Tetracycline
Transcortina	Transcortin
Tricotecenos	Trichothecene
Trietilamina	Triethylamine
Trifluralina	Trifluralin
Triglicérido	Triglyceride
Trihidróxido	trihydroxy
Trimipramina	Trimipramine
Tripsinógeno	Trypsinogen
Tropomiosina	Tropomyosin
Uroporfirina	Uroporphyrin
Valacyclovir	valACYclovir induced platelet
Vitronectina	Vitronectin
Vortioxetina	Vortioxetine
Xantopterina	Xanthopterin
Zeraralenona	Zearalenone
filamentosos	filamentous
lipoxigenasa	Lipoxygenase
subparticula	subparticle
Abiraterona	Abiraterone
Acamprosato	Acamprosate
Acantocitos	Acanthocytes
Acetofenona	Acetophenone
Acilglicina	Acylglycines
Aflatoxinas	Aflatoxin
Aldosterona	Aldosterone
Alfaprodina	Alphaprodine
Alfentanilo	Alfentanil
Alobarbital	Allobarbital
Aminoacidos	Amino acids
Aminopirina	Aminopyrine
Aminoácidos	Amino acids
Amisulprida	Amisulpride
Amisulpride	Amilsulpride
Amoxicilina	Amoxicillin
Analgésicos	Analgesics
Anfetaminas	Amphetamines
Anfetaminil	Amphetaminil
Anileridina	Anileridine
Anisocromía	Anisochromasia
Antranilato	Anthranilate
Arilamidasa	Arylamidase
Aripiprazol	ARIPiprazole
Asparragina	Asparagine
Atomoxetina	Atomoxetine
Avilamicina	Avilamycin
Azatioprina	azaTHIOprine
Azurocidina	Azurocidin
Bacitracina	Bacitracin
Bedaquilina	Bedaquiline
Bentiromida	Bentiromide
Benzofenona	Benzophenone
Benzonatato	Benzonatate
Bicarbonato	Bicarbonate
Bilirrubina	Bilirubin
Biotinidasa	Biotinidase
Bolasterona	Bolasterone
Bouganvilla	Bougainvillea
Bupivacaína	Bupivacaine
Calcitonina	Calcitonin
Calretinina	Calretinin
Calusterona	Calusterone
Candesartan	Candesartan induced platelet
Carbofurano	Carbofuran
Cariprazina	Cariprazine
Carragenano	Carageenan
Casantranol	Casanthranol induced platelet
Cefacetrilo	Cefacetrile
Cefadroxilo	Cefadroxil
Cefatricina	Cefatrizine
Cefmenoxima	Cefmenoxime
Cefpodoxima	Cefpodoxime
Cefsulodina	Cefsulodin
Ceftarolina	Ceftaroline
Ceftazidima	cefTAZidime
Ceftibuteno	Ceftibuten
Ceftizoxima	Ceftizoxime
Ceftriaxona	cefTRIAXone
Centrocitos	Plasma cells
Ciclacilina	Cyclacillin
Ciclohexano	Cyclohexane
Cicloserina	cycloSERINE
Clavulánico	Clavulanate
Clembuterol	Clenbusterol
Clofazimina	Clofazimine
Clometiazol	Clomethiazole
Clopentixol	Clopenthixol
Clorazepato	Clorazepate
Clorodecona	Chlordecone
Clorometano	Chloromethane
Clorpirifos	Chlorpyrifos
Clotrimazol	Clotrimazole
Cloxacilina	Cloxacillin
Coagulación	Coagulation
Cocaetileno	Cocaethylene
Coleglobina	Choleglobin
Composición	Composition
Conalbúmina	Conalbumin
Cromosómico	chromosomal
Crotetamida	Crotetamide
Dacriocitos	Dacryocytes
Daptomicina	DAPTOmycin
Dataclasvir	Daclatasvir
Decenediato	Decenedioate
Delavirdina	Delavirdine
Deoxicolato	Deoxycholate
Desipramina	Desipramine
Desomorfina	Desomorphine
Desvestirse	Discase
Dextrorfano	Dextrorphan
Diagnóstico	Diagnosis
Diatrizoato	Diatrizoate
Diazometano	Diazomethane
Dibenzepina	Dibenzepin
Diciclomina	Dicyclomine induced platelet
Diclofenaco	Diclofenac
Dietilamina	Diethylamine
Difetialona	Difethialone
Difloxacino	Difloxacin
Dihidróxido	dihydroxy
Dimetadiona	Dimethadione
Dipentilona	Dipentylone
Disacáridos	Disaccharidases
Disposición	Disposition
Domperidona	Domperidone
Doxiciclina	Doxycycline
E-cadherina	E-cadherin
Eliptocitos	Elliptocytes
Eosinófilos	Eosinophils
Equinocitos	Burr cells
Ergocornina	Ergocornine
Eritrocitos	Erythrocytes
Esferocitos	Spherocytes
Esfinganina	Sphinganine
Esfingosina	Sphingosine
Esomeprazol	Esomeprazole induced platelet
Espiroqueta	Spirochete
Estanozolol	Stanozolol
Estenbolona	Stenbolone
Eszopiclona	Eszopiclone
Etanolamina	Ethanolamine
Etclorvinol	Ethchlorvynol
Etilmorfina	Ethylmorphine
Etosuximida	Ethosuximide
Fenilactato	Phenyllactate
Feniledrina	Phenylephrine
Fensuximida	Phensuximide
Fibrilarina	Fibrillarin
Fibrinógeno	Fibrinogen
Finasteride	Finasteride induced platelet
Floxacilina	Floxacillin
Flufenazina	fluPHENAZine
Flunisolida	Flunisolide
Flupentixol	Flupenthixol
Fluvoxamina	fluvoxaMINE
Folitropina	Follitropin
Fosfatidato	Phosphatidate
Fosfolipasa	Phospholipase
Fosfolípido	Phospholipid
Fosfomicina	Fosfomycin
Fosforilasa	Phosphorylase
Fosfoserina	Phosphoserine
Framicetina	Framycetin
Gabapentina	Gabapentin
GalantaminA	Galantamine
Gangliósido	Ganglioside
Gentamicina	Gentamicin
Glucosamina	Glucosamine
Glucosidasa	Glucosidase
Glutaconato	Glutaconate
Glutetimida	Glutethimide
Hematocrito	Hematocrit
Hemicistina	Hemicystine
Hemocianina	Keyhole limpet hemocyanin
Hemoglobina	Hemoglobin
Hemopepsina	Hemopexin
Heparinoide	Heparinoid
Hexoquinasa	Hexokinase
Hialuronato	Hyaluronate
Hidralazina	hydrALAZINE
Hidrocodona	HYDROcodone
Hidroxizina	hydrOXYzine
Hiosciamina	Hyoscyamine
Hipercromía	Hyperchromia
Hipoxantina	Hypoxanthine
Histiocitos	Histiocytes
Homocistina	Homocystine
Iloperidona	Iloperidone
Isepamicina	Isepamicin
Itraconazol	Itraconazole
Ketoconazol	Ketoconazole
Ketoprofeno	Ketoprofen
Lamotrigina	lamoTRIgine
Leflunomida	Leflunomide
Limeciclina	Lymecycline
Lincomicina	Lincomycin
Lovastatina	Lovastatin induced platelet
Mamaglobina	Mammaglobin
Manobiósido	Mannobioside
Mantequilla	Butter
Maprotilina	Maprotiline
Mefenitoina	Mephenytoin
Mepivacaína	Mepivacaine
Meprobamato	Meprobamate
Mesterolona	Mesterolone
Metaciclina	Methacycline
Metacualona	Methaqualone
Metaldehído	Metaldehyde
Metanefrina	Metanephrine
Metasterona	Methasterone
Metcatinona	Methcathinone
Metdilazina	Methdilazine
Metohexital	Methohexital
Metotrexate	Methotrexate
Metotrexato	Methotrexate
Metoxicloro	Methoxychlor
Metsuximida	Methsuximide
Mexacarbato	Mexacarbate
Mezlocilina	Mezlocillin
Micafungina	Micafungin
Minociclina	Minocycline
Miocamicina	Miocamycin
Mirtazapina	Mirtazapine
Mitocondria	Mitochondria
Mitraginina	Mitragynine
Monoblastos	Monoblasts
Nateglinida	Nateglinide
Natilizumab	Natalizumab
Neostigmina	Neostigmine
Netilmicina	Netilmicin
Neurofisina	Neurophysin
Neutrofilos	Neutrophil
Neutrófilos	Neutrophils
Nicomorfina	Nicomorphine
Niquetamida	Nikethamide
Nitroxolina	Nitroxoline
Nomifensina	Nomifensine
Norcotinina	Norcotinine
Nordiacepam	Nordiazepam
Nordoxepina	Nordoxepin
Norketamina	Norketamine
Normocítico	Normocytic
Nornicotina	Nornicotine
Nortramadol	Desmethyltramadol metabolites
Novobiocina	Novobiocin
O-anisidina	O-anisidine
Ocfentanilo	Ocfentanil
Ondansetron	Ondansetron induced platelet
Orfenadrina	Orphenadrine
Osmolalidad	Osmolality
Ovoalbumina	Ovalbumin
Oxandrolona	Oxandrolone
Oxibutinina	Oxybutynin
Oxiclordano	Oxychlordane
Oximetolona	Oxymetholone
Pantotenato	Pantothenate
Paraldehído	Paraldehyde
Pefloxacino	Pefloxacin
Penicillina	Penicillin
Pentazocina	Pentazocine
Pepsinógeno	Pepsinogen
Perfenazina	Perphenazine
Perhexilina	Perhexiline
Pericyazina	Pericyazine
Pipamperona	Pipamperone
Pirlimicina	Pirlimycin
Politiazida	Polythiazide
Porfobilina	Porphobilin
Posaconazol	Posaconazole
Prealbumina	Prealbumin
Pregabalina	Pregabalin
Pregnandiol	Pregnanediol
Profundidad	deep
Proinsulina	Proinsulin
Prometacina	Promethazine
Propafenona	Propafenone
Propoxifeno	Propoxyphene
Protrombina	Prothrombin
Provocación	Challenge
Psilocibina	Psilocybin
Quinetazona	Quinethazone
Quinolinato	Quinolinate
Quinurenato	Kynurenate
Quinurenina	Kynurenin
Ramoplanina	Ramoplanin
Repaglinida	Repaglinide
Rezafungina	Rezafungin
Riboflavina	Riboflavin
Rifampicina	rifAMPin
Rifapentina	Rifapentine
Rilpivirina	Rilpivirine
Risedronato	Risedronate induced platelet
Risperidona	risperiDONE
Ristocetina	Ristocetin
Rizatriptán	Rizatriptan
Ropivacaina	Ropivacaine
Saliciamida	Salicylamide
Salicilatos	Salicylates
Satratoxina	Satratoxin
Sibutramina	Sibutramine
Siderocitos	Siderocytes
Siderófagos	Siderophages
Sufentanilo	SUFentanil
Sulfalazina	Sulfalazine
Sulfatiazol	Sulfathiazole
Sulfatidasa	Sulfatidase
Sulfidrilos	Sulfhydryls
Sulfonamida	Sulfonamide
Surfactante	Surfactant
Tamsulosina	Tamsulosin induced platelet
Taurocolato	Taurocholate
Telavancina	Telavancin
Telbivudina	Telbivudine
Telmisartan	Telmisartan induced platelet
Temperatura	Temperature
Terbinafina	Terbinafine
Terbutalina	Terbutaline
Terfenadina	Terfenadine
Tianfenicol	Thiamphenicol
Ticarcilina	Ticarcillin
Ticlopidina	Ticlopidine
Tigeciclina	Tigecycline
Tilmicosina	Tilmicosin
Tilvalosina	Tylvalosin
Tioridazina	Thioridazine
Tiprolidina	Triprolidine
Tirotropina	Thyrotropin
Tobramicina	Tobramycin
Tocoferoles	Tocopherols
Tolbutamida	TOLBUTamide
Tolterodina	Tolterodine induced platelet
Triamtereno	Triamterene
Trimetoprim	Trimethoprim
Trimetropin	Trimethoprim
Trometamina	Tromethamine
Valnemulina	Valnemulin
Vancomicina	Vancomycin
Vardenafilo	Vardenafil
Vasopresina	Vasopressin
Venlafaxina	Venlafaxine
Vigabatrina	Vigabatrin
Voriconazol	Voriconazole
Xantocromía	Xanthochromia
Xanturenato	Xanthurenate
Zalcitabina	Zalcitabine
Ziprasidona	Ziprasidone
displásicos	dysplastic
osmolaridad	Osmolarity
parabasales	parabasal
prealbumina	prealbumin
pseudohifas	pseudohyphae
Acrilamida	Acrylamide
Alizaprida	Alizapride
Almecilina	Almecillin
Amantadina	Amantadine
Amiodarona	Amiodarone
Amlodipino	amLODIPine
Ampicilina	Ampicillin
Anfetamina	Amphetamine
Anfifisina	Amphiphysin
Antipirina	Antipyrine
Anulocitos	Anulocytes
Apariencia	Appearance
ApramIcina	Apramycin
Arbekacina	Arbekacin
Atovacuona	Atovaquone
Azlocilina	Azlocillin
Azorrubine	Azorubine
Benazepril	Benazepril induced platelet
Benzocaína	Benzocaine
Biopterina	Biopterin
Biperideno	Biperiden
Bisacodilo	Bisacodyl
Brodifacum	Brodifacoum
Bromoformo	Bromoform
Budesonida	Budesonide
Bufencarba	Bufencarb
Bufotenina	Bufotenine
Bumetanida	Bumetanide
Butirosina	Butirosin
Butorfanol	Butorphanol
Caldesmona	Caldesmon
Calicreína	Kallikrein
Carbamatos	Carbamates
Carvedilol	Carvedilol induced platelet
Cefalexina	Cephalexin
Cefalotina	Cephalothin
Cefamandol	Cefamandole
Cefapirina	Cephapirin
Cefazolima	ceFAZolin
Cefazolina	ceFAZolin
Cefmetazol	Cefmetazole
Cefodizima	Cefodizime
Cefonicida	Cefonicid
Ceforanida	Ceforanide
Cefotaxima	Cefotaxime
Cefovecina	Cefovecin
Cefoxitina	cefOXitin
Cefprozilo	Cefprozil
Cefquinoma	Cefquinome
Cefuroxima	Cefuroxime
Cenobamato	Cenobamate
Centrómero	Centromere
Cilastatin	Cilastatin induced platelet
Cimetidina	Cimetidine
Cinoxacino	Cinoxacin
Cisplatino	CISplatin
Citarabina	Cytarabine
Clofibrato	Clofibrate
Cloraminas	Chloramines
Cloroetano	Chloroethane
Cloroformo	Chloroform
Cloroquina	Chloroquine
Clusterina	Clusterin
Cobalamina	Cobalamins
Colagenasa	Collagenase
Colchicina	Colchicine
Colestanol	Cholestanol
Colesterol	Cholesterol
Creatinana	Creatinine
Creatinina	Creatinine
Dantroleno	Dantrolene
Diamorfina	Diamorphine
Dibekacina	Dibekacin
Dibutilona	Dibutylone
Didanosina	Didanosine
Dienediona	Dienedione
Difacinona	Diphacinone
Digitoxina	Digitoxin
Dipipanona	Dipipanone
Disferlina	Dysferlin
Disulfotón	Disulfoton
Diureticos	Diuretics
Dobutamina	DOBUTamine
Donepezilo	Donepezil induced platelet
Doravirina	Doravirine
Doxazosina	Doxazosin induced platelet
Doxilamina	Doxylamine
Duloxetina	DULoxetine
Endotelina	Endothelin
Endotoxina	Endotoxin
Endoxifeno	Endoxifen
Enterocito	Enterocyte
Epinefrina	EPINEPHrine
Ergotamina	Ergotamine
Ergovalina	Ergovaline
Eritrocito	Erythrocyte
Estavudina	Stavudine
Estricnina	Strychnine
Etacrinato	Ethacrynate
Etafedrina	Etafedrine
Etilefrina	Etilefrine
Etionamida	Ethionamide
Etisterona	Ethisterone
Etravirina	Etravirine
Famotidina	Famotidine induced platelet
Fenacemida	Phenacemide
Fenacetina	Phenacetin
Fenclorfos	Fenchlorphos
Fenetilina	Fenetylline
Feneturida	Pheneturide
Feniramina	Pheniramine
Fentermina	Phentermine
Flecainida	Flecainide
Fluconazol	Fluconazole
Flumequina	Flumequine
Fluoxetina	FLUoxetine
Fosinopril	Fosinopril induced platelet
Fragmentos	Fragments
Fucomisina	Fumonisin
Furosemida	Furosemide
Galotanina	Gallotannin
Gammapatía	Gammopathy
Genisteína	Genistein
Gestrinona	Gestrinone
Glimeprida	Glimepiride
Glioxilato	Glyoxylate
Gliquidona	Gliquidone
Guanfacina	Guanfacine
Hepatocito	Hepatocyte paraffin 1
Heptacloro	Heptachlor
Hetacilina	Hetacillin
Heterófilo	Heterophile
Hidrastina	Hydrastine
Hipnóticos	Hypnotics
HipocromÍa	Hypochromia
Histología	Histology
Histrelina	Histrelin
Hyocholato	Hyocholate
Ibuprofeno	Ibuprofen
Imipramina	Imipramine
Iotalamato	Iothalamate
Ipratropio	Ipratropium induced platelet
Irbesartan	Irbesartan induced platelet
Iso-octano	Isooctane
Isocianato	Isocyanate
Isocitrato	Isocitrate
Isoconazol	Isoconazole
Isoflurano	Isoflurane
Isoleucina	Isoleucine
Isomaltasa	Isomaltase
Isoniazida	Isoniazid
Isosorbida	Isosorbide induced platelet
Josamicina	Josamycine
Kanamicina	Kanamycin
Ketorolaco	Ketorolac induced platelet
Lacosamida	Lacosamide
Lamivudina	lamiVUDine
Lasalocida	Lasalocid
Latosterol	Lathosterol
Lepirudina	Lepirudin induced platelet
Leucocitos	Leukocytes
Levorfanol	Levorphanol
Levulinato	Levulinate
Linfocitos	Lymphocytes
Litocolato	Lithocholate
Loperamida	Loperamide
Lorcainida	Lorcainide
Lurasidona	Lurasidone
Macrocitos	Macrocytes
Macrófagos	Macrophages
Madreselva	Honeysuckle
Manzanilla	Matricaria chamomilla
Mastocitos	Mast cells
Mefenamato	Mefenamate
Mefloquina	Mefloquine
Melatonina	Melatonin
Meperidina	Meperidine
Mesotelina	Mesothelin
Metacolina	Methacholine
Metandriol	Methandriol
Metasistox	Metasystox
Metaxalona	Metaxalone
Metenolona	Metenolone
Meticilina	Methicillin
Metiprilón	Methyprylon
Metirapona	metyraPONE
Metolazona	metOLazone
Mevalonato	Mevalonate
Mexiletina	Mexiletine
Mianserina	Mianserin
Mibolerona	Mibolerone
Micotoxina	Mycotoxin
Mielocitos	Myelocytes
Mioglobina	Myoglobin
Modafinilo	Modafinil
Morfología	Morphology
Moricizina	Moricizine
Movimiento	Movement
Mupirocina	Mupirocin
Mutaciones	Mutations
Nabumetona	Nabumetone
Nafcillina	Nafcillin
Nalidixato	Nalidixate
Naltrexona	Naltrexone
Nandrolona	Nandrolone
Narcóticos	Narcotics
Natamicina	Natamycin
Nefazodona	Nefazodone
Neopterina	Neopterin
Neutrófilo	Neutrophil
Nevirapina	Nevirapine
Newberyita	Newberyite
Nifedipino	NIFEdipine induced platelet
Nitisinona	Nitisinone
Nitrofenol	Nitrophenol
Nitrofural	Nitrofurazone
Nizatidina	Nizatidine induced platelet
Norcocaína	Norcocaine
Norcodeína	Norcodeine
Normorfina	Normorphine
Nucleosoma	Nucleosome
Octopamina	Octopamine
Octreotida	Octreotide
Ofloxacina	Ofloxacin
Olanzapina	OLANZapine
Oleandrina	Oleandrin
Ortocresol	Orthocresol
Ovalocitos	Ovalocytes
Ovomucoide	Ovomucoid
Oxaprozina	Oxaprozin
Oximorfona	oxyMORphone
Palatinasa	Palatinase
Papaverina	Papaverine
Paratirina	Parathyrin
Parietaria	Wall pellitory
Paroxetina	PARoxetine
Penicilina	Penicillin
Pentedrona	Pentedrone
Perclorato	Perchlorate
Periostina	Periostin
Pesticidas	Pesticides
Pipecolato	Pipecolate
Piridoxina	Pyridoxine
Pirilamina	Pyrilamine
Pirimidina	pyrimidine
Piromidato	Piromidate
Pituitaria	Pituitary
Prednisona	predniSONE
Prilocaína	Prilocaine
Pristanato	Pristanate
Prolactina	Prolactin
Prolintano	Prolintane
Propanolol	Propranolol
Prorrenina	Prorenin
Quetiapina	QUEtiapine
Quinacrina	Quinacrine
Rabeprazol	RABEprazole induced platelet
Raloxifeno	Raloxifene induced platelet
Ranitidina	raNITIdine
Reboxetina	Reboxetine
Recoverina	Recoverin
Reticulina	Reticulin
Retinoatos	Retinoate esters
Ribavirina	Ribavirin
Rosamicina	Rosamicin
Rosoxacina	Rosoxacin
Rufinamida	Rufinamide
Sacaropina	Saccharopine
Sasapirina	Sasapyrine
Selegilina	Selegiline
Serotonina	Serotonin
Sertralina	Sertraline
Sisomicina	Sisomicin
Sucralfato	Sucralfate induced platelet
Sulfatidos	Sulfatides
Tadalafilo	Tadalafil
Tartrazina	Tartrazine
Temocilina	Temocillin
Teobromina	Theobromine
Terconazol	Terconazole
Testículos	Testes
Tetracaina	Tetracaine
Tianeptina	Tianeptine
Tiocianato	Thiocyanate
Tioguanina	Thioguanine
Tiosulfato	Thiosulfate
Tizanidina	tiZANidine
Tizoxanida	Tizoxanide
Tolazamida	TOLAZamide
Topiramato	Topiramate
Trementina	Turpentine
Trenbolona	Trenbolone
Triptamina	Tryptamine
Triptófano	Tryptophan
Ubiquitina	Ubiquitin
Valdecoxib	Valdecoxib induced platelet
Verapamilo	Verapamil
Verotoxina	Verotoxin
Vilazodona	Vilazodone
Viscosidad	Viscosity
Zidovudina	Zidovudine
Zimelidina	Zimelidine
Zonisamida	Zonisamide
accidental	incidental
insaturado	unsaturated
intermedia	medium
prostática	prostatic
sinteticos	synthetic
Abciximab	Abciximab induced platelet
Acadesina	Acadesine
Acetamida	Acetamide
Acetileno	Acetylene
Aciclovir	Acyclovir
Aconitato	Aconitate
Actividad	Activity
Adenosina	Adenosine
Alantoína	Allantoine
Alcaloide	Alkaloid
Alcuronio	Alcuronium
Alergenos	Allergens
Alfavirus	Alphavirus
Algarrobo	Locust tree
Amikacina	Amikacin
Amoxapina	Amoxapine
Anabasina	Anabasine
Antimonio	Antimony
Arabinosa	Arabinose
Artefacto	Artifact
Articaina	Articaine
Artropodo	Arthropod
Ascorbato	Ascorbate
Ascórbico	Ascorbate
Asenapina	Asenapine
Aspartamo	Aspartame
Aspartato	Aspartate
Astacidea	Astacoidea
Astemizol	Astemizole
Azatadina	Azatadine
Baclofeno	Baclofen
Basófilos	Basophils
Benzidina	Benzidine
Betanecol	Bethanechol
Boldenona	Boldenone
Bombesina	Bombesin
Bromelina	Bromelin
Bromexina	Bromhexine
Bupropión	buPROPion
Caducidad	Expiration
Calabacín	Squash zucchini
Calponina	Calponin
Canrenona	Canrenone
Capacidad	Capacity
Captopril	Captopril induced platelet
Carbidopa	Carbidopa induced platelet
Carbonato	Carbonate
Cariotipo	Karyotype
Carnitina	Carnitine
Carnosina	Carnosine
Cefadrina	Cephadrine
Cefcapeno	Cefcapene
Cefpiroma	Cefpirome
Cefradina	Cephradine
Ciclizina	Cyclizine
Cilindros	Casts
Cisaprida	Cisapride
Citokinas	Cytokines
Citrulina	Citrulline
Clonidina	cloNIDine
Clozapina	cloZAPine
Colistina	Colistin
Condición	Condition
Cortisona	Cortisone
Cristales	Crystals
Cromatina	Chromatin
Cromosoma	Chromosome
Crufomato	Crufomate
Cuadrante	Quadrant
Cumafuril	Coumafuryl
D-Lactato	D-lactate
Declorano	Dechlorane
Desmosoma	Desmosome
Diazóxido	Diazoxide
Diclorvos	Dichlorvos
Dicumarol	Dicoumarol
Dimensión	Dimension
Dimetoato	Dimethoate
Dirección	Address
Dotiepina	Dothiepin
Encainida	Encainide
Endomisio	Endomysium
Enflurano	Enflurane
Enoxacina	Enoxacin
Equinacea	Echinacea
Eritritol	Erythritol
Escorpión	Scorpion
Escualeno	Squalene
Espermina	Spermine
Estroncio	Strontium
Estrógeno	Estrogen
Etambutol	Ethambutol
Etarnecep	Etanercept
Etinamato	Ethinamate
Etodolaco	Etodolac
Extensión	Extension
Ezetimiba	Ezetimibe induced platelet
Ezogabina	Ezogabine
Felbamato	Felbamate
Fenazepam	Phenazepam
Fenelzina	Phenelzine
Fenitoína	Phenytoin
Fentanilo	fentaNYL
Ferritina	Ferritin
Folcodina	Pholcodine
Foledrina	Pholedrine
Frataxina	Frataxin
Gadolinio	Gadolinium
Galactosa	Galactose
Gallineta	Redfish
Garrapata	Tick
Gentisato	Gentisate
Gliburida	glyBURIDE
Glicazida	Gliclazide
Glicerato	Glycerate
Glicolato	Glycolate
Glifosato	Glyphosate
Glipizida	glipiZIDE
Globulina	Globulin
Glutamato	Glutamate
Glutamina	Glutamine
Glutarato	Glutarate
Glutation	oxidized
Glutatión	Glutathione
Guanosina	Guanosine
Herbicida	Herbicide
Hexanoato	Hexanoate
Hidrazina	Hydrazine
Hidrógeno	Hydrogen
Histamina	Histamine
Histidina	Histidine
Interfase	interphase
Isobutano	Isobutane
Isofenfos	Isofenphos
Isoforona	Isophorone
Lactulosa	Lactulose
Levamisol	Levamisole
Lidocaína	Lidocaine
Linfático	Lymphatic
Linoleato	Linoleate
Lipófagos	Lipophages
Lutropina	Lutropin
Mandelato	Mandelate
Manganeso	Manganese
Marihuana	Hemp
Meclicina	Meclizine
Mefedrona	Mephedrone
Melperona	Melperone
Memantina	Memantine
Menadiona	Menadione
Mescalina	Mescaline
Metedrona	Methedrone
Metimazol	methIMAzole
Metionina	Methionine
Miconazol	Miconazole
Milrinona	Milrinone induced platelet
Minoxidil	Minoxidil induced platelet
Miocardio	Myocardium
Miogenina	Myogenin
Molibdeno	Molybdenum
Molindona	Molindone
Monensina	Monensin
Monocitos	Monocytes
Naftaleno	Naphthalene
Nalbufina	Nalbuphine
Nalorfina	Nalorphine
Naproxeno	Naproxen
Neomicina	Neomycin
Nistatina	Nystatin
Nitrógeno	Nitrogen
Objetivos	Goals
Octanoato	Octanoate
Ocupación	Occupation History of Occupation
Optoquina	Optochin
Orexina-A	Orexin-A
Ornidazol	Ornidazole
Orotidina	Orotidine
Oxabolona	Oxabolone
Oxacilina	Oxacillin
Oxicodona	oxyCODONE
Oxidantes	Oxidants
Oxitocina	Oxytocin
Oxolinato	Oxolinate
Pargilina	Pargyline
Parásitos	Parasites
Pentilona	Pentylone
Perforina	Perforin
Pergolida	Pergolide
Pirazolam	Pyrazolam
Piridoxal	Pyridoxal
Plaquetas	Platelets
Primidona	Primidone
Promazina	Promazine
Protamina	Protamine
Proteinas	Protein
Proteínas	Protein
Psicosina	Psychosine
Psilocina	Psilocin
Queratina	Keratin
Quinapril	Quinapril induced platelet
Quinidina	quiNIDine
Quinolina	Quinoline
Ragocitos	Ragocytes
Remolacha	Beet
Resistina	Resistin
Resperina	Resperine
Retinoato	Retinoate
Rinovirus	Rhinovirus
Rofecoxib	Rofecoxib induced platelet
Sacáridos	Saccharides
Sarcosina	Sarcosine
Secretina	Secretin
Sertindol	Sertindole
Sialidasa	Sialidase
Sincalida	Sincalide
Succinato	Succinate
Sulfátido	Sulfatide
Sulindaco	Sulindac induced platelet
Teofilina	Theophylline
Tiacetona	Thiacetazone
Tiagabina	tiaGABine
Tiamulina	Tiamulin
Tinidazol	Tinidazole
Tiopental	Thiopental
Tiotixeno	Thiothixene
Tirofiban	Tirofiban induced platelet
Tocainida	Tocainide
Torsemida	Torsemide
Trazodona	traZODone
Trehalosa	Trehalase
Triclopir	Triclopyr
Tungsteno	Tungsten
Urobilina	Urobilin
Valproico	Valproate
Valsartan	Valsartan induced platelet
Vimentina	Vimentin
Vinculina	Vinculin
Viomicina	Viomycin
Volátiles	Volatiles
Voracidad	Engorgement
Warfarina	Warfarin
Yohimbina	Yohimbine
Zarzamora	Boysenberry
Zopiclona	Zopiclone
dimensión	dimension
funcional	functional
inmaduras	immature
inmaduros	immature
interfase	interphase
palmitato	palmitate
Acarbosa	Acarbose induced platelet
Acrilato	Acrylate
Acrosina	Acrosin
Aféresis	Apheresis
Alacloro	Alachlor
Albúmina	Albumin
Alcalasa	Alkalase
Alcanfor	Camphor
Aldolasa	Aldolase
Aluminio	Aluminum
Ambrosía	Ragweed marsh
Amiloide	Amyloid
Anserina	Anserine
Apellido	Last name
Arginasa	Arginase
Arginina	Arginine
Arsenato	Arsenate
Arsenito	Arsenite
Arsénico	Arsenic
Atropina	Atropine
Autólogo	autologous
Avestruz	Ostrich meat
Benzoato	Benzoate
Bifenilo	Biphenyl
Bretilio	Bretylium
Brorfina	Brorphine
Butilona	Butylone
Butirato	Butyrate
Calabaza	Squash
Carbaril	Carbaryl
Caroteno	Carotene
Carácter	Character
Catalasa	Catalase
Catinona	Cathinone
Cefaline	Cephaeline
Cefepima	Cefepime
Cefixima	Cefixime
Cisteato	Cysteate
Cisteína	Cysteine
Citación	Citation
Citidina	Cytidine
Citosina	Cytosine
Citólogo	Cytologist
Clordano	Chlordane
Colágeno	Collagen
Cotinina	Cotinine
Creatina	Creatine
Cresoles	Cresols
D-serina	D-serine
Dantrona	Dantron
Densidad	Density
Detalles	Details
Dezocina	Dezocine
Diazinón	Diazinon
Difenaco	Difenacoum
Difilina	Dyphylline
Digoxina	Digoxin
Dipirona	Dipyrone
Distante	distant
Diámetro	Diameter
Docusato	Docusate induced platelet
Dopamina	DOPamine
Doxepina	Doxepin
Econazol	Econazole
Efedrina	ePHEDrine
Elastasa	Elastase
Electrón	Electron
Embarazo	Pregnancy
Endófito	Endophyte
Eperlano	Smelt
Ergosina	Ergosine
Escandio	Scandium
Esterasa	Esterase
Estireno	Styrene
Etotoina	Ethotoin
Eutilona	Eutylone
Farmacos	Drug induced platelet
Fitanato	Phytanate
Fluoruro	Fluoride
Fructosa	Fructose
Fumarasa	Fumarase
Fumarato	Fumarate
Fusidato	Fusidate
Fármacos	Drugs
Gastrina	Gastrin
Gelatina	Gelatin
Germanio	Germanium
Ghrelina	Ghrelin
Gliadina	Gliadin
Glicerol	Glycerol
Glucagón	Glucagon
Halotano	Halothane
Helminto	Helminth
Hematíes	Erythrocytes
Heparina	Heparin
Hipurato	Hippurate
Hirudina	Hirudin
Inhibina	Inhibin
Insulina	Insulin
Invasión	invasion
Ketamina	Ketamine
L-serina	L-serine
Laxantes	Laxatives
Lecitina	Lecithin
Legumbre	Legume
Lenguado	Flounder
Letrozol	Letrozole
Levadura	Yeast
Licopeno	Lycopene
Lipolasa	Lipolase
Lisosoma	Lysosome
Lisozima	Lysozyme
Longitud	Length
Loxapina	Loxapine
Mafenida	Mafenide
Magnesio	Magnesium
Malatión	Malathion
Malonato	Malonate
Mariposa	Butterfly
Maxatasa	Maxatase
Mejillón	Mussel
Melanina	Melanin
Mercurio	Mercury
Mersalil	Mersalyl
Metadona	Methadone
Metilona	Methylone
Metomilo	Methomyl
Mevinfos	Mevinphos
Mitotano	Mitotane
Mosquito	Gnat whole body
Motilina	Motilin
Nafirona	Naphyrone
Naloxona	Naloxone
Narasina	Narasin
Nicotina	Nicotine
Opiáceos	Opiates
Ornitina	Ornithine
Ouabaína	Ouabain
Paraoxón	Paraoxon
Parasito	Parasite
Paratión	Parathion
Patólogo	Pathologist
Pemolina	Pemoline
Pentosas	Pentoses
Pepsinas	Pepsins
Perazina	Perazine
Picnosis	Pyknosis
Pimelato	Pimelate
Pimozida	Pimozide
Piridina	Pyridine
Pirroles	Pyrroles
Piruvato	Pyruvate
Plaqueta	Platelet
Plutonio	Plutonium
Presunto	presumptive
Previsto	predicted
Primrose	Serpula lacrymans
Procaína	Procaine
Profundo	Depth
Proteina	Protein
Proteína	Protein
Protheca	Prototheca
Protozoo	Protozoa
Recuerdo	Memory
Reducido	glutathione
Requesón	Curd cheese
Retículo	Reticulum
Ricinina	Ricinine
Sacarosa	Sucrose
Silicato	Silicate
Silicona	Silicon
Simazina	Simazine
Suberato	Suberate
Sulfitos	Sulfites
Sultiame	Sulthiame
Teicoato	Teichoate
Tiamilal	Thiamylal
Tiazidas	Thiazides
Tibamato	Tybamate
Tilidina	Tilidine
Tilosina	Tylosin
Timidina	Thymidine
Tiramina	Tyramine
Tirosina	Tyrosine
Tiroxina	Thyroxine
Toxafeno	Toxaphene
Treonina	Threonine
Tripsina	Trypsin
Triptasa	Tryptase
Turbidez	Turbidity
Vanilato	Vanillate
Xilazina	Xylazine
Xilulosa	Xylulose
Xipamida	Xipamid
Zirconio	Zirconium
Zonulina	Zonulin
Zotepina	Zotepine
heparina	heparin
invasión	invasion
orgánico	organic
oxidadas	oxidized
positivo	positive
próstata	prostate
urinaria	urine
Acetato	Acetate
Acetona	Acetone
Adenina	Adenine
Adipato	Adipate
Alanina	Alanine
Alcohol	Ethanol+Methanol+Isopropyl alcohol+Acetone
Aldrina	Aldrin
Almidón	Starch
Amilasa	Amylase
Amplios	broad
Anchura	Width
Anilina	Aniline
Apelina	Apelin
Asfalto	Asphalt
Azelato	Azelate
Benceno	Benzene
Benzeno	Benzotrichloride
Berilio	Beryllium
Biopsia	Biopsy
Biotina	Biotin
Bismuto	Bismuth
Blastos	Blasts
Bromido	Bromide
Burwood	Burweed
Cacatúa	Cockatoo
Cafeína	Caffeine
Caseina	Casein
Catecol	Catechol
Celulas	Cells
Cetonas	Ketones
Cianida	Cyanide
Cistina	Cystine
Citrato	Citrate
Clorato	Chlorate
Clásico	classic
Cobalto	Cobalt
Cocaína	Cocaine
Codeina	Codeine
Cordero	Lamb
Coágulo	Clot
Cromato	Chromate
Cumafós	Coumaphos
Dapsona	Dapsone
Desmina	Desmin
Dioxina	Dioxin
Dolicol	Dolichol
Emetina	Emetine
Emisión	Broad casts
Endotal	Endothall
Endrina	Endrin
Enolasa	Enolase
Estrona	Estrone
Etileno	Ethylene
Etilona	Ethylone
Etoprop	Ethoprop
Fascina	Fascin
Fenibut	Phenibut
Fenoles	Phenols
Fentión	Fenthion
Fosfato	Phosphate
Fosfide	Phosphide
Fosfino	Phosphine
Fosgeno	Phosgene
Furoato	Furoate
Fórmico	Formate
Glicina	Glycine
Glucosa	Glucose
Gosipol	Gossypol
Guanina	Guanine
Heptano	Heptane
Histona	Histone
Indican	Indicans
Inosina	Inosine
Inulina	Inulin
Lactasa	Lactase
Lactato	Lactate
Lactosa	Lactose
Laurato	Laurate
Leptina	Leptin
Leucina	Leucine
Lindano	Lindane
Lípidos	Lipids
Maligno	Malignin
Maltosa	Maltose
Manitol	Mannitol
Meconio	Meconium
Metanol	Methanol
Mielina	Myelin
Miosina	Myosin
Morfina	Morphine
Mostaza	Mustard
Muestra	Specimen
Niacina	Niacin
Nitrato	Nitrate
Nitrito	Nitrite
Orotato	Orotate
Oxalato	Oxalate
Oxígeno	Oxygen
Paladio	Palladium
Papaína	Papain
Pavulon	Rocuronium
Pentano	Pentane
Pepsina	Pepsin
Pirazol	Pyrazole
Platino	Platinum
Polilla	Moth
Porcina	Porcine
Potasio	Potassium
Presión	Pressure
Prolina	Proline
Propano	Propane
Pólipos	Polyps
Quinina	quiNINE
Reagina	Reagin
Rubidio	Rubidium
Sardina	Sardine
Selenio	Selenium
Sialato	Sialate
Sucrasa	Sucrase
Sulfato	Sulfate
Sulfuro	Sulfide
Sólidos	Solids
Tacrina	Tacrine
Taurina	Taurine
Tebaína	Thebaine
Temefos	Temephos
Ternera	Veal
Textura	Texture
Tiamina	Thiamine
Tiburón	Shark
Titanio	Titanium
Tolueno	Toluene
Treitol	Threitol
Uracilo	Uracil
Uridina	Uridine
Uronato	Uronate
Vanadio	Vanadium
Villina	Villin
Volumen	Volume
Xantina	Xanthine
Xilitol	Xylitol
atípico	atypical
celulas	Cells
frescos	fresh
intacto	intact
primera	prime
ternera	Beef
Acaros	Mite
Acidez	Acidity
Actina	Actin
Adenda	Addendum
Alerta	Alert
Amonio	Ammonia
Avispa	Hornet
Azufre	Sulfur
Azúcar	Sugar
Borato	Borate
Butano	Butane
Cadmio	Cadmium
Calcio	Calcium
Carbón	Carbon
Catina	Cathine
Cayena	Pepper cayenne
Colato	Cholate
Conejo	Rabbit
Cresol	Creosol
Cumeno	Cumene
Cáncer	Cancer
Dureza	Hardness
Espora	Spore
Estado	Status
Estaño	Tin
Etanol	Ethanol
Faisán	Pheasant
Famfur	Famphur
Fibras	Fibers
Fiebre	Fever
Fitato	Phytate
Folato	Folate
Forato	Phorate
Glicol	Glycol
Grosor	Thickness
Hexano	Hexane
Hierro	Iron
Hongos	Fungus
Hígado	Liver
Lamina	Lamin
Lisina	Lysine
Malato	Malate
Manosa	Mannose
Mentol	Menthol
Metano	Methane
Mucina	Mucin
Mucosa	mucosal
Máximo	Lymphocyte proliferation
Naftol	Naphthol
Niobio	Niobium
Nombre	Name
Normal	Val617Phe mutant
Numero	Number
Níquel	Nickel
Oleato	oleate
Origen	Origin
Ovario	Ovary
Oxamil	Oxamyl
Purina	Purine
Renina	Renin
Restos	Debris
Ribosa	Ribose
Ricina	Ricin
Salado	Saltbush
Sangre	Blood
Serina	Serine
Sérica	ser
Sílice	Silica
Tamaño	Size
Teluro	Tellurium
Timina	Thymine
Titina	Titin
Tritio	Tritium
Trévol	Clover
Uranio	Uranium
Ureasa	Urease
Valina	Valine
Venado	Venison
Xilosa	Xylose
Yoduro	Iodide
actual	Normal
bandas	IgG bands
madura	mature
máximo	maximum
núcleo	nucleus
tóxico	toxic
Ameba	Amoeba
Bagre	Ictalurus punctatus
Bario	Barium
Bilis	Bile
Bledo	Pigweed
Bromo	Bromine
Carpa	Carp
Cerdo	Pork
Cerio	Cerium
Cesio	Cesium
Clase	Class
Cloro	Chloride
Cobre	Copper
Corzo	European roe venison
Cromo	Chromium
Dieta	Diet
Etano	Ethane
Etapa	Stage
Etión	Ethion
Fecha	Date
Fenol	Phenol
Forma	Shape
Fruta	Fruit
Galio	Gallium
Grado	Grade
Grano	Grain
Grasa	Fat
Hongo	Mushroom
HrBAb	H little r super B
Hueso	Bone
Indio	Indium
Kéfir	Kefir
Leche	Milk
Libre	free
Litio	Lithium
Malta	Malt
Molde	Mold
Nidos	Nidus
Osmio	Osmium
Otras	other
Otros	other
Panel	Enterocyte
Papel	Paper
Plata	Silver
Plomo	Lead
Pollo	Chicken
Sodio	Sodium
Suero	Serum
Talio	Thallium
Torio	Thorium
Urato	Urate
Yogur	Yogurt
Zorro	Fox
hifas	hyphae
suero	serum
unido	bound
Ácaro	Dermatophagoides sp House dust mite IgE Ab
Agua	Water
Baya	Berry
Boro	Boron
CAGE	Cancer-associated
Edad	Age
Haya	Beech Fagus IgE Ab
Heno	Hay
Iodo	Iodine
Lino	Linen
Miel	Honey
Olor	Odor
Otro	other
Pavo	Turkey
Peso	Weight
Piel	Skin
Seda	Silk
Sexo	Sex
Timo	Thymus
Tipo	Type
Vena	Venous
WESb	WES super little b
foco	Foci
mama	breast
real	actual
Era	ER super little a
HLE	Lymphocytes
Hro	H little ro
Hut	H little u little t
INR	Coagulation
LWa	LW super little a
MER	MER2
NKI	NKI-C3
Oro	Gold
Rol	Role
Sdr	GALOP
VIH	HIV
