가성콜린에스테르분해효소	Pseudocholinesterase phenotype
고밀도지질단백콜레스테롤	Cholesterol
디옥시리보누클레아제항체	Deoxyribonuclease
디팔미토일포스파티딜콜린	Dipalmitoylphosphatidylcholine
모닐리포르미스사슬막대균	Streptobacillus moniliformis
생식기관마이코플라스마종	Mycoplasma
생체이용가능에스트라디올	Estradiol
완전융모생식샘자극호르몬	Choriogonadotropin
이소크리카르복실포르피린	Isotricarboxylporphyrin
이소헵사카르복실포르피린	Isohexacarboxylporphyrin
이소헵타카르복실포르피린	Isoheptacarboxylporphyrin
이인산글리세린산전위효소	Diphosphoglycerate mutase
저밀도지질단백콜레스테롤	Cholesterol
중밀도지질단백콜레스테롤	Cholesterol
테트라하이드로알도스테론	Tetrahydroaldosterone
디클로로디플루오로메탄	Dichlorodifluoromethane
디클로로디플루오로에탄	Dichlorodifluoroethane
디페닐메톡시아세테이트	Diphenylmethoxyacetate
비에스테르화콜레스테롤	Cholesterol
지속성갑상샘자극호르몬	Thyrotropin
캐노디옥시콜릴글라이신	Chenodeoxycholylglycine
테트라하이드로폴레이트	Tetrahydrofolate
트리클로로플루오로메탄	Trichlorofluoromethane
트리클로로플루오로에탄	Trichlorofluoroethane
포스포글리세로무타아제	Phosphoglyceromutase
하이드로코르티코스테론	Hydrocorticosterone
갈락토실세라미다아제	Galactosylceramidase
골수세포형과산화효소	Myeloperoxidase
글로코실세라미다아제	Glucosylceramidase
덱스프로메타암페타민	Dextromethamphetamine
디데스메틸시탈로프람	Didesmethylcitalopram
디옥시리보핵산단백질	Deoxyribonucleoprotein
매우긴사슬유형지방산	Fatty acids
모노올리고사카라이드	Transferrin
브로모디펜하이드라민	Bromodiphenhydramine
생체이용가능에스트론	Estrone
성장호르몬분비호르몬	Growth hormone-releasing hormone
술포닐요소혈당강하제	Hypoglycemics
스핑고미엘린분해효소	Acid sphingomyelinase
아르기니노숙시네이트	Argininosuccinate
아세틸콜린에스테라제	Acetylcholinesterase
유리데옥시피리디놀린	Deoxypyridinoline
유리디하이드로코데인	Dihydrocodeine
유리하이드록시프롤린	Hydroxyproline
융모생식샘자극호르몬	Choriogonadotropin
클로르디아제폭사이드	chlordiazePOXIDE
클로르테트라사이클린	Chlortetracycline
테르모악티노미세스종	Thermoactinomyces
페닐프로피오닐글리신	Phenylpropionylglycine
펜타카르복실포르피린	Pentacarboxylporphyrins
포스파티딜에탄올아민	Phosphatidylethanolamine
포스포글루코무타아제	Phosphoglucomutase
포스포프룩토키나아제	Phosphofructokinase
프로피온산플루티카손	Fluticasone propionate
헥사카르복실포르피린	Hexacarboxylporphyrin
헵타카르복실포르피린	Heptacarboxylporphyrin
헵타클로르에폭사이드	Heptachlorepoxide
결합티록신글로불린	thyroxine binding globulin bound
고리일인산구아노신	Guanosine monophosphate
글루탐산탈수소효소	Glutamate dehydrogenase
글리코사미노글리칸	Glycosaminoglycans
덱스트로모라마이드	Dextromoramide
디멘하이드리네이트	dimenhyDRINATE
디에틸스틸베스트롤	Diethylstilbestrol
디에틸카르바마제핀	Diethylcarbamazepine
디카르복실포르피린	Protoporphyrin
롤리테트라사이클린	Rolitetracycline
리노레오일카르니틴	Linoleoylcarnitine (C18:2)
메테코프로포르피린	Methcoproporphyrin
메토클로프라마이드	Metoclopramide
메틸말로닐카르니틴	Methylmalonylcarnitine (C4-DC)
멕시코리슈만편모충	Leishmania mexicana
벤드로플루아자이드	Bendroflumethiazide
부신겉질자극호르몬	Corticotropin
비결합에스트라디올	Estradiol
비에스테르화지방산	Fatty acids
성장호르몬억제인자	Somatostatin
수중다리가루진드기	Acarus siro
시클로타이아자이드	Cyclothiazide
아데닐레이트키나제	Adenylate kinase
아르기노숙시네이트	Argininosuccinate
아미노카프로에이트	Aminocaproate
아연프로토포르피린	Protoporphyrin
아입자베타지질단백	Lipoprotein
에피클로로하이드린	Epichlorohydrin
옥시테트라사이클린	Oxytetracycline
완전부갑상샘호르몬	Parathyrin
유리노르메타네프린	Normetanephrine
유리안드로스타놀론	Androstanolone
유리프로토포르피린	Protoporphyrin
유리하이드로모르폰	HYDROmorphone
이소발레릴카르니틴	Isovalerylcarnitine (C5)
이소코프로포르피린	Isocoproporphyrin
이이소시안화톨루엔	Toluene diisocyanate
창자펩티드분해효소	Enteropeptidase
총크레아틴키나아제	Creatine kinase
크립토스포리디움종	Cryptosporidium
태반젖샘자극호르몬	Choriomammotropin
테트라하이드로퓨란	Tetrahydrofuran
텍사스바베스열원충	Babesia bigemina
페닐글리옥실레이트	Phenylglyoxylate
포스파티드산염항체	Phosphatidate
포스파티딜글리세롤	Phosphatidylglycerol
포스파티딜리노시톨	Phosphatidylinositol
포스파티딜이노시톨	Phosphatidylinositol
피하리슈만편모원충	Leishmania braziliensis
하이드록소코발라민	Hydroxocobalamin
하이드록시칼시디올	Hydroxycalcidiol
핵유사분열방추항체	Mitotic spindle apparatus
히알루론산분해효소	Hyaluronidase
감마글로불린병증	Gammopathy
갑상샘자극호르몬	Thyrotropin
거대세포바이러스	Cytomegalovirus
결합벨프로에이트	Valproate
결합콜릴글라이신	Cholylglycine
결합테스토스테론	Testosterone
고도불포화지방산	Fatty acids
글루타릴카르니틴	Glutarylcarnitine (C5-DC)
글루탈알데하이드	Glutaraldehyde
내장리슈만편모충	Leishmania donovani
단일불포화지방산	Fatty acids
데옥시콜릴글리신	Deoxycholylglycine
데옥시피리디놀린	Deoxypyridinoline
덱스트로메토르판	Dextromethorphan
덱스트로암페타민	Dextroamphetamine
디메틸설폭사이드	Dimethylsulfoxide
디메틸포름아미드	Dimethylformamide
디클로르펜아미드	Dichlorphenamide
디하이드로코데인	Dihydrocodeine
레보메타암페타민	Levomethamphetamine
리보핵산분해효소	Ribonuclease
마이코플라스마종	Mycoplasma
마크로아밀라아제	Macroamylase
매우긴사슬지방산	Fatty acids
메칠프레드니소론	Methylprednisolone
메톡시아세테이트	Methoxyacetate
면역모세포림프구	Lymphocytes
무정형요산염결정	Urate crystals
미성숙과립백혈구	Granulocytes
미성숙그물적혈구	Reticulocytes
바이오티니다아제	Biotinidase
방울다다기양배추	Brassica oleracea var italica
변형적혈구증가증	Poikilocytosis
비결합에스트리올	Estriol
사수소화카나비놀	Tetrahydrocannabinol
사이프로프록사신	Ciprofloxacin
스트렙토키나아제	Streptokinase
시알로올리고당류	Sialooligosaccharides
아데노바이러스종	Adenovirus
아디포일카르니틴	Adipoylcarnitine (C6-DC)
아르기닌분해효소	Arginase
아미노벤조에이트	Aminobenzoate
아미노살리실산염	Aminosalicylate
아세트알데하이드	Acetaldehyde
아스트로바이러스	Astrovirus
아스페르길루스종	Aspergillus
아이코사노이드산	Arachidate
아크릴로나이트릴	Acrylonitrile
아크릴알데하이드	Acrylaldehyde
악티노바실루스종	Actinobacillus
안드로스타네디올	Androstanediol
안드로스테네디온	Androstenedione
안드로스테네디올	Androstenediol
알부민결합티록신	Thyroxine
에스테르화지방산	Fatty acids
에이코사펜타엔산	Eicosapentaenoate
에피안드로스테론	Epiandrosterone
에피테스토스테론	Epitestosterone
올리고사카라이드	Oligosaccharides
올소폭스바이러스	Orthopoxvirus
유럽집먼지진드기	Dermatophagoides pteronyssinus
유리벨프로에이트	Valproate
유리삼요드티로닌	Triiodothyronine
유리에스트라디올	Estradiol
유리카르바마제핀	carBAMazepine
유리테스토스테론	Testosterone
유리페노바르비탈	PHENobarbital
유리하이드로코돈	HYDROcodone
이소발레릴글리신	Isovalerylglycine
정염색성적혈모구	Normoblasts
진성삼요드티로닌	Triiodothyronine
총안드로스타놀론	free
총코프로포르피린	Coproporphyrin
캐노디옥시콜산염	Chenodeoxycholate
콕시디오이데스종	Coccidioides
콜리스티메테이트	Colistimethate
콜린에스테라아제	Cholinesterase
크루스파동편모충	Trypanosoma cruzi
큰다리먼지진드기	Dermatophagoides farinae
클라리스로마이신	Clarithromycin
클로로벤질레이트	Chlorobenzilate
클로로아세테이트	Chloroacetate
클로르프로파미드	chlorproPAMIDE
테트라클로로에탄	Tetrachloroethane
트롤레안도마이신	Troleandomycin
트리플루오페라진	Trifluoperazine
페닐프로파놀아민	Phenylpropanolamine
포스포에탄올아민	Phosphoethanolamine
프레그난트리올론	Pregnanetriolone
프로피오닐글리신	Propionylglycine
프로필알데하이드	Propionaldehyde
프로필티오유라실	Propylthiouracil
프리베타지질단백	Lipoprotein
플루옥시메스테론	Fluoxymesterone
피부리슈만편모충	Leishmania tropica
피코르나바이러스	Picornavirus
피하리슈만편모충	Leishmania braziliensis
하이드록시라이신	Hydroxylysine
하이드록시프롤린	Hydroxyproline
헥사노일카르니틴	Hexanoylcarnitine (C6)
형질세포양림프구	Lymphocytes
갈락토키나아제	Galactokinase
갑상샘글로불린	Thyroglobulin
결합에스트리올	Estriol
경구혈당강하제	Hypoglycemics
고분자글로불린	Macroglobulin
긴털가루진드기	Tyrophagus putrescentiae
난포자극호르몬	Follitropin
노르메타네프린	Normetanephrine
노르에탄드롤론	Norethandrolone
노르에피네프린	Norepinephrine
노르트리프틸린	Nortriptyline
뇌척수액글리신	Glycine CSF
뇌척수액포도당	Glucose CSF
니트로글리세린	Nitroglycerin
니트로소나프톨	Nitrosonaphthol
니트로푸란토인	Nitrofurantoin
니트로푸루시드	Nitroprusside
단백결합포도당	Glucose
데메클로시클린	Demeclocycline
데옥시콜레이트	Deoxycholate
데카디카르니틴	Decadienediate
디리스로마이신	Dirithromycin
디메틸트립타민	Dimethyltryptamine
디에틸프로피온	Diethylpropion
디이소부틸케톤	Diisobutylketone
디클로로벤지딘	Dichlorobenzidine
디펜옥시레이트	Diphenoxylate
디펜하이드라민	diphenhydrAMINE
레보메프로마진	Methotrimeprazine
레트로바이러스	Retrovirus
레플루노마이드	Leflunomide
록시스로마이신	Roxithromycin
리슈만편모충종	Leishmania
리스테리아균종	Listeria
마이코박테륨종	Mycobacterium
마이코플라스마	Mycoplasma hominis
마크로프로락틴	Macroprolactin
메타알데하이드	Metaldehyde
메토트렉세이트	Methotrexate
메트석시마이드	Methsuximide
메트헤모글로빈	Methemoglobin
메틸말로네이트	Methylmalonate
메틸숙시네이트	Methylsuccinate
메틸페니데이트	Methylphenidate
메프로바메이트	Meprobamate
바닐만델레이트	Vanillylmandelate
바르비튜레이트	Barbiturates
바베스열원충종	Babesia
버지니아마이신	Virginiamycin
벤조일에크고닌	Benzoylecgonine
벤조일카르니틴	Benzoylcarnitine (BzCn)
벤즈알데하이드	Benzaldehyde
복숭아탄저병균	Alternaria alternata
부갑상샘호르몬	Parathyrin
부티릴카르니틴	Butyrylcarnitine (C4)
비결합에스트론	Estrone
비피도박테륨종	Bifidobacterium
산화글루타티온	Glutathione
살리실아마이드	Salicylamide
성숙그물적혈구	Reticulocytes
세룰로프라스민	Ceruloplasmin
세팔로글라이신	Cephaloglycin
소오스테오칼신	Osteocalcin
숙시닐아데노신	Succinyladenosine
스트렙토마이신	Streptomycin
스트렙토키나제	Streptokinase
스펙티노마이신	Spectinomycin
스핑고마이엘린	Sphingomyelin
시아노박테리아	Cyanobacterium
시아노코발라민	Cyanocobalamin
시안메트혈색소	Cyanmethemoglobin
시클로벤자프린	Cyclobenzaprine
시클로스포라종	Cyclospora
아교질분해효소	Collagenase
아나플라즈마종	Anaplasma
아데노바이러스	Adenovirus
아레나바이러스	Arenavirus
아르보바이러스	Arbovirus
아릴술파타아제	Arylsulfatase
아릴아미다아제	Arylamidase
아세타졸라미드	acetaZOLAMIDE
아세토나이트릴	Acetonitrile
아세토아세트산	Acetoacetate
아세트아마이드	Acetamide
아세트아미노펜	Acetaminophen
아세틸살리실산	Acetylsalicylate
아스코르빈산염	Ascorbate
아스파르트산염	Aspartate
아지트로마이신	Azithromycin
아쿠아코발라민	Aquacobalamin
아크릴아마이드	Acrylamide
아프로바르비탈	Aprobarbital
안드로스타놀론	Androstanolone
안지오텐시노겐	Angiotensinogen
에리트로마이신	Erythromycin
에스시탈로프람	Escitalopram
에시테토박터종	Acinetobacter
에어로모나스종	Aeromonas
에타크리네이트	Ethacrynate
에트클로르비놀	Ethchlorvynol
에티오콜라놀론	Etiocholanolone
에틸말로네이트	Ethylmalonate
에틸에스트레놀	Ethylestrenol
에페리트로준종	Eperythrozoon
역삼요드티로닌	Triiodothyronine
열불안정혈색소	Hemoglobin
오메가인터페론	Interferon
올리앤도마이신	Oleandomycin
유리메타네프린	Metanephrine
유리반코마이신	Vancomycin
유리알도스테론	Aldosterone
유리카테콜라민	Catecholamines
유리호모시스틴	Homocystine
유리황체호르몬	Progesterone
유행성귀밑샘염	Mumps virus
응집그물적혈구	Reticulocytes
이브롬화에틸렌	Ethylene dibromide
이소부틸글리신	Isobutyrylglycine
장염비브리오균	Vibrio parahaemolyticus
저과립승호중구	Neutrophils
저분자량헤파린	Heparin
적혈구마그네슘	plasma
적혈구생성인자	Erythropoietin
점상그물적혈구	Reticulocytes
중기그물적혈구	Reticulocytes
총카르바마제핀	free
총헥소키나아제	Hexokinase
카프레오마이신	Capreomycin
칼리시바이러스	Calicivirus
칼슘시안아미드	Calcium cyanamide
코로나바이러스	Coronavirus
코르티코스테론	Corticosterone
코프로포르피린	Coproporphyrin
콜레시스토키닌	Cholecystokinin
크로프로파미드	Cropropamide
크립토코쿠스종	Cryptococcus
클라부라네이트	Clavulanate
클로라제페이트	Clorazepate
클로로사이클린	Chlorocycline
클로로티아지드	Chlorothiazide
클로로프로마진	chlorproMAZINE
클로르메로드린	Chlormerodrin
클로르페니라민	Chlorpheniramine
클로르펜테르민	Chlorphentermine
클로르프레날린	Clorprenaline
클로르프로칙센	Chlorprothixene
클로르피리포스	Chlorpyrifos
클로피브레이트	Clofibrate
클리나플록사신	Clinafloxacin
태아섬유결합소	Fibronectin
테트라사이클린	Tetracycline
텔리트로마이신	Telithromycin
트라닐시프로민	Tranylcypromine
트란스케톨라제	Transketolase
트로바플록사신	Trovafloxacin
트롬보글로불린	Thromboglobulin
트리코모나스종	Trichomonas
트리클로로에탄	Trichloroethane
트리헥시페니딜	Trihexyphenidyl
트립신분해효소	Tryptase
파라알데하이드	Paraldehyde
팔미톨리에이트	Palmitoleate
페닐아세테이트	Phenylacetate
페닐피루브산염	Phenylpyruvate
펜타클로로페놀	Pentachlorophenol
포도당분해효소	Glucosidase
포르포빌리노겐	Porphobilinogen
포름알데하이드	Formaldehyde
포삼프레나비어	Fosamprenavir
포스파티드산염	Phosphatidate
포스파티딜세린	Phosphatidylserine
포스파티딜콜린	Phosphatidylcholine
폴리타이아지드	Polythiazide
프레그난트리올	Pregnanetriol
프로사이클리딘	Procyclidine
프로카인아미드	Procainamide
프로토포르피린	Protoporphyrin
프로트리프틸린	Protriptyline
프로필헥세드린	Propylhexedrine
프리칼리크레인	Prekallikrein
플라비바이러스	Flavivirus
플레케이타이드	Flecainide
플루니트라제팜	Flunitrazepam
플루드로콜티손	Fludrocortisone
피리도스티그민	Pyridostigmine
하이드로모르폰	HYDROmorphone
헤마토포르피린	Hematoporphyrin
헥사노일글리신	Hexanoylglycine
헥사카르복실산	Hexacarboxylate
헥사클로로벤젠	Hexachlorobenzene
헵타카르복실산	Heptacarboxylate
호염기적혈모구	Normoblasts
환원글루타티온	Glutathione
황체자극호르몬	Lutropin
가시아메바종	Acanthamoeba
갈락토스혈증	Galactosemias
감마인터페론	Interferon
개심장사상충	Dirofilaria immitis
개티플록사신	Gatifloxacin
거미줄곰팡이	Rhizopus nigricans
결합페니토인	Phenytoin
교감신경성약	Sympathomimetics
구포자충아강	Coccidia
그리세오풀빈	Griseofulvin
글루카곤항원	Glucagon
글루테티미드	Glutethimide
긴사슬지방산	Fatty acids
나이트로벤젠	Nitrobenzene
난형대적혈구	Macrocytes
네오스티그민	Neostigmine
노라스테미졸	Norastemizole
노르페네프린	Norfenefrine
노보바이오신	Novobiocin
노카르디아종	Nocardia
뉴베리아이트	Newberyite crystals
니코틴아미드	Nicotinamide
다염적혈모구	Normoblasts
단풍잎돼지풀	Ambrosia trifida
달걀노른자위	Egg yolk
데카노에이트	Decanoate
독시사이클린	Doxycycline
동위구연산염	Isocitrate
디니트로페놀	Dinitrophenol
디메토에이트	Dimethoate
디사이클로민	Dicyclomine
디소피라미드	Disopyramide
디아조메테인	Diazomethane
디아족사이드	Diazoxide
디에탄올아민	Diethanolamine
디클로로벤젠	Dichlorobenzene
디클로로에탄	Dichloroethane
디클로르보스	Dichlorvos
디클록사실린	Dicloxacillin
디프테리아균	Corynebacterium diphtheriae
디프테리아종	Diphtheria
레베티라세탐	levETIRAcetam
레보암페타민	Levoamphetamine
레보플록사신	levoFLOXacin
레오바이러스	Reovirus
레파글리니드	Repaglinide
로르메타제팜	Lormetazepam
로타바이러스	Rotavirus
로페라마이드	Loperamide
리노바이러스	Rhinovirus
리메사이클린	Lymecycline
리보바이러스	Rhinovirus
마이오글로빈	Myoglobin
만손주혈흡충	Schistosoma mansoni
말레산무수물	Maleic anhydride
메도우페스큐	Festuca elatior
메조포르피린	Mesoporphyrin
메타암페타민	Methamphetamine
메트로니다졸	metroNIDAZOLE
목시플록사신	Moxifloxacin
무정형인산염	Phosphate crystals
미분획헤파린	Heparin
미성숙단핵구	Monocytes
미성숙림프구	Lymphocytes
미세과립원주	Granular casts
미숙호염기구	Basophils
바르토넬라종	Bartonella
바르트혈색소	Hemoglobin Barts
바이오마이신	Viomycin
바이오프테린	Biopterin
방광주혈흡충	Schistosoma haematobium
버크홀데리종	Burkholderia
베타락타마제	Beta lactamase
베타인터페론	Interferon
베타지질단백	Lipoprotein
벤조나테이트	Benzonatate
벤조디아제핀	Benzodiazepines
벤조삼염화물	Benzotrichloride
벨프로에이트	Valproate
보르데텔라종	Bordetella
부로모크립틴	Bromocriptine
부메타나이드	Bumetanide
부타바르비탈	Butabarbital
부티릴글리신	Butyrylglycine
분엽핵호중구	Neutrophils
불안정혈색소	Hemoglobin
브롬페니라민	Brompheniramine
비단백질질소	Nitrogen
비정형림프구	Lymphocytes
사염화에틸렌	Tetrachloroethylene
사이토케라틴	Soluble liver
살리노마이신	Salinomycin
삼염화에틸렌	Trichloroethylene
삼요드티로닌	Triiodothyronine
설탕분해효소	Sucrase
설포시스테인	Sulfocysteine
설폰아마이드	Sulfonamide crystals
세코바르비탈	Secobarbital
세프트리악손	cefTRIAXone
손네이이질균	Shigella sonnei
수베릴글리신	Suberylglycine
숙시닐아세톤	Succinylacetone
술파메톡사졸	Sulfamethoxazole
술포닐우레아	Sulfonylurea
슈도에페드린	Pseudoephedrine
스위트아몬드	Prunus dulcis
스타필롤리신	Staphylolysin
스테르코빌린	Stercobilin
스피라마이신	Spiramycin
스피로놀락톤	Spironolactone
시사프라이드	Cisapride
시스타티오닌	Cystathionine
시알리다아제	Sialidase
시클로스포린	cycloSPORINE
시클로프로판	Cyclopropane
시클로헥사논	Cyclohexanone
시클로헥산올	Cyclohexanol
시프로헵타딘	Cyproheptadine
심장전도근육	Purkinje cells
아라키돈산염	Arachidonate
아리피프라졸	ARIPiprazole
아모바르비탈	Amobarbital
아미트립틸린	Amitriptyline
아밀로라이드	aMILoride
아빌라마이신	Avilamycin
아세트산에틸	Ethyl acetate
아실글라이신	Acylglycines
아자티오프린	azaTHIOprine
아코니테이트	Aconitate
아크릴산에틸	Ethyl acrylate
아타자나비르	Atazanavir
아프라마이신	Apramycin
안드로스테론	Androsterone
알로바르비탈	Allobarbital
알로이소류신	Alloisoleucine
알테나리아종	Alternaria
알파인터페론	Interferon
알파지질단백	Lipoprotein
억제디부케인	Cholinesterase
에르고스테롤	Ergosterol
에를리히아종	Ehrlichia
에스트라디올	Estradiol
에코바이러스	Echovirus
에토숙시미드	Ethosuximide
에티나메이트	Ethinamate
에티오나미드	Ethionamide
에틸암페타민	Ethylamphetamine
엔로푸록사신	Enrofloxacin
엠트리시타빈	Emtricitabine
예르시니아종	Yersinia
오르페나드린	Orphenadrine
오스테오넥틴	Osteonectin
오스테오칼신	Osteocalcin
옥수수꽃가루	Zea mays pollen
옥스카바제핀	OXcarbazepine
옥스프레놀롤	Oxprenolol
옥시메스테론	Oxymesterone
옥시페니사틴	Oxyphenisatin
옥시펜부타존	Oxyphenbutazone
옥타노에이트	Octanoate
요소분해효소	Urease
용해성섬유소	Fibrin
우로빌리노겐	Urobilinogen
우로포르피린	Uroporphyrin
우형바베시아	Babesia bovis
운코세르카종	Onchocerca
유리마그네슘	Magnesium
유리옥시코돈	oxyCODONE
유리이노시톨	Inositol
유리카르니틴	Carnitine
유리트립토판	Tryptophan
유리페니토인	Phenytoin
유리프로락틴	Prolactin
이니트로벤젠	Dinitrobenzene
이소니아지드	Isoniazid
이소말타아제	Isomaltase
이소프로판올	Isopropanol
이염색백혈구	Heterophils
인산분해효소	Phosphatase
인플루엔자균	Haemophilus influenzae
일본주혈흡충	Schistosoma japonicum
입모양적혈구	Stomatocytes
자유아메바종	Naegleria
작은와포자충	Cryptosporidium parvum
적혈구부동증	Anisocytosis
적혈구용적률	Erythrocyte
조니사마이드	Zonisamide
조대과립원주	Granular casts
집먼지진드기	Dermatophagoides sp House dust mite IgE Ab
창자글루카곤	Enteroglucagon
창자바이러스	Enterovirus
체내기생식물	Endophyte
총아밀라아제	Amylase
총아세틸콜린	Acetylcholine
총콜레스테롤	Cholesterol
총표면활성제	Surfactant
카르바마제핀	carBAMazepine
카르바메이트	Carbamates
카르베니실린	Carbenicillin
카리소프로돌	Carisoprodol
카크나일에스	CACNA1S
카크나일에이	CACNA1A
캄필로박터종	Campylobacter
콜레칼시페롤	Cholecalciferol
콜릴글라이신	Cholylglycine
크로모그라닌	Chromogranin
크로테타미드	Crotetamide
크실룰로오스	Xylulose
클라미디아종	Chlamydia
클로람페니콜	Chloramphenicol
클로르메자논	Chlormezanone
클로르족사존	Chlorzoxazone
클로르탈리돈	Chlorthalidone
클로미프라민	clomiPRAMINE
클로벤조렉스	Clobenzorex
클로트리마졸	Clotrimazole
클린다마이신	Clindamycin
타크로리무스	Tacrolimus
탈산소혈색소	Deoxyhemoglobin
테마플록사신	Temafloxacin
테스토스테론	Testosterone
테이코플라닌	Teicoplanin
토로바이러스	Torovirus
토브라마이신	Tobramycin
토피라메이트	Topiramate
톨부타마이드	TOLBUTamide
트라이아졸람	Triazolam
트레포네마종	Treponema
트리메타디온	Trimethadione
트리메토프림	Trimethoprim
트리메틸아민	Trimethylamine
트리암시놀론	Triamcinolone
트리에틸아민	Triethylamine
트리펠렌아민	Tripelennamine
트리프롤리딘	Triprolidine
트리플루랄린	Trifluralin
티오설페이트	Thiosulfate
티오시안산염	Thiocyanate
파동편모충종	Trypanosoma
파라메타디온	Paramethadione
퍼크로레이트	Perchlorate
페노바르비탈	PHENobarbital
페놀프탈레인	Phenolphthalein
펜디메트라진	Phendimetrazine
펜토바르비탈	PENTobarbital
펜프로코쿠몬	Phenprocoumon
포르모노넥틴	Formononetin
포스카르네트	Foscarnet
포스포마이신	Fosfomycin
프레그난디올	Pregnanediol
프레그네놀론	Pregnenolone
프레드니솔론	prednisoLONE
프로베네시드	Probenecid
프로칼시토닌	Procalcitonin
프로프라놀롤	Propranolol
프로피오마진	Propiomazine
프로필렌이민	Propyleneimine
프탈산무수물	Phthalic anhydride
플라스미노겐	Plasminogen
플로르페니콜	Florfenicol
피라진아미드	Pyrazinamide
하이드라스틴	Hydrastine
하이드랄라진	hydrALAZINE
하이드로코돈	HYDROcodone
하이드로키논	Hydroquinone
하이드록시진	hydrOXYzine
한랭글로불린	Cryoglobulin
한랭섬유소원	Cryofibrinogen
한타바이러스	Hantavirus
항히스타민제	Histamine H1 receptor antagonist
헤모필루스종	Haemophilus
헤파리노이드	Heparinoid
헥사클로로펜	Hexachlorophene
헥사포르피린	Hexacarboxylporphyrin
헥소바르비탈	Hexobarbital
헥소키나아제	Hexokinase
헵타포르피린	Heptacarboxylporphyrin
혈장마그네슘	Magnesium
호모바닐린산	Homovanillate
호모시스테인	Homocysteine
호모시트룰린	Homocitrulline
호모카르노신	Homocarnosine
황색포도알균	Staphylococcus aureus
회색곰팡이균	Botrytis cinerea
가금티푸스	Salmonella gallinarum
가로무늬근	Striated muscle
거대핵세포	Megakaryocytes
겐타마이신	Gentamicin
고양이비듬	Cat dander
골수모세포	Myeloblasts
공포호중구	Neutrophils
과립백혈구	Granulocytes
구형적혈구	Spherocytes
그물적혈구	Reticulocytes
근육섬유막	Endomysium
글루타르산	Glutarate
글루타티온	Glutathione
글루탐산염	Glutamate
글리세르산	Glycerate
글리옥실산	Glyoxylate
기타혈색소	Hemoglobin
난형열원충	Plasmodium ovale
난형적혈구	Ovalocytes
난형지방체	Oval fat bodies (globules)
남성호르몬	Testosterone
너도밤나무	Beech Fagus IgE Ab
네오마이신	Neomycin
네오프테린	Neopterin
노르니코틴	Nornicotine
노베라파밀	Norverapamil
노플로삭신	Norfloxacin
누클리오솜	Nucleosome
니케타미드	Nikethamide
니코모르핀	Nicomorphine
니트라제팜	Nitrazepam
니트로페놀	Nitrophenol
단핵모세포	Monoblasts
달걀흰자위	Egg white
답토마이신	DAPTOmycin
대마초제제	Cannabinoids
데시프라민	Desipramine
덱사메타손	Dexamethasone
델라비르딘	Delavirdine
도코사헥산	Docosahexaenoate
독소루비신	DOXOrubicin
동형아메바	Entamoeba dispar
드로페리돌	Droperidol
디메칠벤젠	Dimethylbenzene
디벤조퓨란	Dibenzofuran
디아모르핀	Diamorphine
디에틸황산	Diethylsulfate
디클로페낙	Diclofenac
디플루니살	Diflunisal
디피리다몰	Dipyridamole
라모트리진	lamoTRIgine
라모플라닌	Ramoplanin
람다림프구	Lymphocytes
람블편모충	Giardia lamblia
레보르파놀	Levorphanol
로피나비르	Lopinavir
리네졸리드	Linezolid
리보플라빈	Riboflavin
리스토세틴	Ristocetin
리스페리돈	risperiDONE
리토나비어	Ritonavir
린코마이신	Lincomycin
림프모세포	Lymphoblasts
마이토테인	Mitotane
마페나이드	Mafenide
말이집항체	Myelin
머캡토퓨린	Mercaptopurine
메소리다진	Mesoridazine
메타라미놀	Metaraminol
메토프롤롤	Metoprolol
메토헥시탈	Methohexital
메트알부민	Methemalbumin
메티프릴론	Methyprylon
메펜테르민	Mephentermine
메피바케인	Mepivacaine
무기황산염	Sulfate
미국참나무	Quercus alba
바소프레신	Vasopressin
바시트라신	Bacitracin
바이오테린	Biopterin
바이페리딘	Biperiden
바캄피실린	Bacampicillin
바큇살균종	Actinomyces
반코마이신	Vancomycin
베타메타손	Betamethasone
베타소단위	beta subunit
베타튜불린	Beta tubulin
벤디오카브	Bendiocarb
벤조에이트	Benzoate
벤즈트로핀	Benztropine
벰버마이신	Bambermycins
보렐리아종	Borrelia
복숭아나무	Prunus persica
볼라스테론	Bolasterone
부교차시험	Minor crossmatch
부스파이론	busPIRone
부티레이트	Butyrate
부피바카인	Bupivacaine
분할림프구	Lymphocytes
불소유라실	Fluorouracil
붉은불개미	Solenopsis invicta
브라디키닌	Bradykinin
브로디파쿰	Brodifacoum
브로마제팜	Bromazepam
브롬페리돌	Bromperidol
브롬화에틸	Ethyl bromide
브루셀라종	Brucella
비가바트린	Vigabatrin
비브리오종	Vibrio
비정형단핵	Mononuclear cells
비트로넥틴	Vitronectin
사슬알균종	Streptococcus
사일열원충	Plasmodium malariae
사퀴나비르	Saquinavir
산화혈색소	Oxyhemoglobin
살리실산염	Salicylates
살모넬라종	Salmonella
삼일열원충	Plasmodium vivax
석시닐콜린	Succinylcholine
설피라이드	Sulpiride
설피속사졸	sulfiSOXAZOLE
섬유결합소	Fibronectin
성분채집술	Apheresis
성장호르몬	Somatotropin
세바케이트	Sebacate
세파드록실	Cefadroxil
세파클로르	Cefaclor
세파트리진	Cefatrizine
세팔로리딘	Cephaloridine
세페타메트	Cefetamet
세포니시드	Cefonicid
세포라니드	Ceforanide
세포페라존	Cefoperazone
세프디니르	Cefdinir
세프디토렌	Cefditoren
세프메녹심	Cefmenoxime
세프메타졸	Cefmetazole
세프타지딤	cefTAZidime
세프티부텐	Ceftibuten
세프티족심	Ceftizoxime
세프포독심	Cefpodoxime
세프프로질	Cefprozil
수마트립탄	SUMAtriptan
숙시닐퓨린	Succinylpurines
술파디아진	sulfADIAZINE
술파살라진	sulfaSALAzine
술파피리딘	Sulfapyridine
숲모기반점	Aedes communis
스코폴라민	Scopolamine
스태노조롤	Stanozolol
스트리크닌	Strychnine
시도포비르	Cidofovir
시롤리무스	Sirolimus
시스테인산	Cysteate
시스틴결정	Cystine crystals
시스플라틴	CISplatin
시클라실린	Cyclacillin
시클로세린	cycloSERINE
시클로헥산	Cyclohexane
시탈로프람	Citalopram
신경안정제	Tranquilizers
실라스타틴	Cilastatin
아닐레리딘	Anileridine
아목시실린	Amoxicillin
아미노다론	Amiodarone
아미노피린	Aminopyrine
아밀라아제	Amylase
아밀로이드	Amyloid
아바카비어	Abacavir
아세토페논	Acetophenone
아세트산염	Acetate
아세틸콜린	Acetylcholine
아스테미졸	Astemizole
아스파라긴	Asparagine
아시클로버	Acyclovir
아우어소체	Auer rods
아젤레이트	Azelate
아즈로실린	Azlocillin
아플라톡신	Aflatoxin
안정혈색소	Hemoglobin
안트라퀴논	Anthraquinone
알도스테론	Aldosterone
알라클로르	Alachlor
알로퓨리놀	Allopurinol
알부민수혈	Transfuse albumin
알카리아제	Alkalase
알칼로이드	Alkaloid
알파프로딘	Alphaprodine
알프라졸람	ALPRAZolam
알프레놀롤	Alprenolol
억제불화물	fluoride inhibited
억제염화물	chloride inhibited
에르고타민	Ergotamine
에르타페넴	Ertapenem
에스타졸람	Estazolam
에스트로겐	Estrogen
에스트리올	Estriol
에타놀라민	Ethanolamine
에타페드린	Etafedrine
에토헵타진	Ethoheptazine
에틸렌이민	Ethyleneimine
에틸모르핀	Ethylmorphine
에파비렌즈	Efavirenz
에피네프린	EPINEPHrine
엔카이니드	Encainide
연성하감균	Haemophilus ducreyi
열대열원충	Plasmodium falciparum
염화메틸렌	Methylene chloride
오레안드린	Oleandrin
오렌지나무	Citrus sinensis tree
오로트산염	Orotate
오리타반신	Oritavancin
오메프라졸	Omeprazole
오플록사신	Ofloxacin
옥시메톨론	Oxymetholone
옥시부티닌	Oxybutynin
올란자파인	OLANZapine
올소크레솔	Orthocresol
요소혈장종	Ureaplasma
유극적혈구	Acanthocytes
유기황산염	Sulfate
유리고시폴	Gossypol
유리디곡신	Digoxin
유리레티놀	Retinol
유리모르핀	Morphine
유리시스틴	Cystine
유리코데인	Codeine
유리코티솔	Cortisol
유리키니딘	quiNIDine
유리티록신	Thyroxine
유리혈색소	Hemoglobin
유핵적혈구	Erythrocytes
이메틸황산	Dimethyl sulfate
이미프라민	Imipramine
이산화규소	Silica
이상단핵구	Monocytes
이상림프구	Lymphocytes
이소부타놀	Isobutanol
이소푸루란	Isoflurane
이수소엽산	Dihydrofolate
이질아메바	Entamoeba histolytica
이질이질균	Shigella dysenteriae
이형적혈구	Erythrocytes
인도메타신	Indomethacin
인지질항체	Phospholipid
작은포자충	Microsporidia
전골수세포	Promyelocytes
전적혈모구	Pronormoblasts
점액단백질	Mucoprotein
정상색소성	Normochromic
조각적혈구	Schistocytes
졸미트립탄	ZOLMitriptan
주교차시험	Major crossmatch
주혈흡충종	Schistosoma
쥐티브스균	Salmonella typhimurium
즉시형과민	Reagin
지프라시돈	Ziprasidone
철결합효소	Ferrochelatase
총암페타민	Amphetamines
총지질단백	alpha
총카르니틴	free (C0)
총포르피린	Porphyrins
치료 이력	Procedure History of Procedure Treatment history
카나마이신	Kanamycin
카디오리핀	Cardiolipin
카르브로말	Carbromal
카르비도파	Carbidopa
카탈라아제	Catalase
카테콜라민	Catecholamines
카파림프구	Lymphocytes
카프로락탐	Caprolactam
칼리크레인	Kallikrein
칼시트리올	Calcitriol
칼프로텍틴	Calprotectin
케토베미돈	Ketobemidone
케토코나졸	Ketoconazole
케토프로판	Ketoprofen
코카에틸렌	Cocaethylene
콜레글로빈	Choleglobin
콜레스탄놀	Cholestanol
콜레스테롤	Cholesterol
크레아티닌	Creatinine
크리아티닌	Creatinine
크실로오스	Xylose
큰포식세포	Macrophages
클로나제팜	clonazePAM
클로로메탄	Chloromethane
클로로벤젠	Chlorobenzene
클로로에탄	Chloroethane
클로로포름	Chloroform
클로르데콘	Chlordecone
클로스테볼	Clostebol
클로파지민	Clofazimine
클로펜칙솔	Clopenthixol
클록사실린	Cloxacillin
키모트립신	Chymotrypsin
키모파파인	Chymopapain
킬레이트철	Iron
타원적혈구	Elliptocytes
타이오틱신	Thiothixene
털곰팡이종	Mucor
테노포비어	Tenofovir
테르비나핀	Terbinafine
테르페나딘	Terfenadine
테르피네올	Terpineol
테트라카인	Tetracaine
템마이즈팜	Temazepam
토카나이드	Tocainide
톡소카라종	Toxocara
톡소포자충	Toxoplasma gondii
트란스코틴	Transcortin
트랜스페린	Transferrin
트로메타민	Tromethamine
트리암테렌	Triamterene
트립시노겐	Trypsinogen
티아세타존	Thiacetazone
티오리다진	Thioridazine
티오부로민	Theobromine
티카르실린	Ticarcillin
티클로피딘	Ticlopidine
티프라나버	Tipranavir
파시올라종	Fasciola
페나세미드	Phenacemide
페네틸아민	Phenethylamine
페노디아진	Phenothiazines
페닐부타존	Phenylbutazone
페닐알라닌	Phenylalanine
페닐에프린	Phenylephrine
페르페나진	Perphenazine
펜메트라진	Phenmetrazine
펜숙시미드	Phensuximide
펜시클리딘	Phencyclidine
펜톡시필린	Pentoxifylline
펜플루라민	Fenfluramine
포도알균종	Staphylococcus
포르포빌린	Porphobilin
포스포세린	Phosphoserine
포화지방산	Fatty acids
표면활성제	Surfactant
푸로세미드	Furosemide
푸마르산염	Fumarate
프레드니손	predniSONE
프로메타진	Promethazine
프로트롬빈	Prothrombin
프로파페논	Propafenone
프로폭시펜	Propoxyphene
프리알부민	Prealbumin
프릴로카인	Prilocaine
플레록사신	Fleroxacin
플루라제팜	Flurazepam
플루옥세틴	FLUoxetine
플루코나졸	Fluconazole
피로인산염	Pyrophosphate crystals
피루브산염	Pyruvate
피리디놀린	Pyridinoline
피리메타민	Pyrimethamine
피마자기름	Ricin
피모자이드	Pimozide
하이드라진	Hydrazine
한랭용혈소	Hemolysin
할로페리돌	Haloperidol
합토글로빈	Haptoglobin
항정신병제	Antipsychotics
헵타클로르	Heptachlor
혈장글리신	Glycine plas
혈장포도당	Glucose plas
호모시스틴	Homocystine
황체호르몬	Progesterone
후골수세포	Metamyelocytes
흰머리말벌	Dolichovespula maculata
히알루론산	Hyaluronate
히오시아민	Hyoscyamine
가돌리늄	Gadolinium
가스트린	Gastrin
갈락토스	Galactose
거짓균사	pseudohyphae
거짓원주	Pseudocasts
게르마늄	Germanium
고색소성	Hyperchromia
골수세포	Myelocytes
과당아민	Fructosamine
과당효소	Fructokinase
글로불린	Globulin
글루카곤	Glucagon
글루타민	Glutamine
글리세롤	Glycerol
글리아딘	Gliadin
글리콜산	Glycolate
끓인우유	Cow milk boiled
나부메톤	Nabumetone
나프록센	Naproxen
나프탈렌	Naphthalene
날트렉손	Naltrexone
낫적혈구	Sickle cells
네비라핀	Nevirapine
네틸미신	Netilmicin
노미펜신	Nomifensine
눈물세포	Dacryocytes
뉴로텐신	Neurotensin
뉴로피신	Neurophysin
니스타틴	Nystatin
니페디핀	NIFEdipine
다염색성	Polychromasia
다클론성	polyclonal
단방조충	Echinococcus granulosus
단세포군	monoclonal
단트롤렌	Dantrolene
단핵세포	Mononuclear cells
달바반신	Dalbavancin
담즙산염	Cholate
당단백질	Glycoproteins
대적혈구	Macrocytes
데클로란	Dechlorane
도부타민	DOBUTamine
도티에핀	Dothiepin
독사프람	Doxapram
독시라민	Doxylamine
독일바퀴	Blatella germanica
돼지고기	Pork
디다노신	Didanosine
디벤제핀	Dibenzepin
디설피람	Disulfiram
디스펠린	Dysferlin
디아제팜	diazePAM
디아지논	Diazinon
디엘드린	Dieldrin
디지톡신	Digitoxin
디쿠마롤	Dicoumarol
디피파논	Dipipanone
딜티아젬	dilTIAZem
띠호중구	Neutrophils
라니티딘	raNITIdine
라미부딘	lamiVUDine
라베타롤	Labetalol
라우르산	Laurate
라이코펜	Lycopene
락토페린	Lactoferrin
레보도파	Levodopa
레티노산	Retinoate
레티쿨린	Reticulin
로라제팜	LORazepam
로라타딘	Loratadine
리놀렌산	Linoleate
리도카인	Lidocaine
리바비린	Ribavirin
리소자임	Lysozyme
리케차종	Rickettsia
리파부틴	Rifabutin
마그네슘	Magnesium
말라티온	Malathion
말레이트	Malate
메나디온	Menadione
메르살릴	Mersalyl
메스칼린	Mescaline
메클리진	Meclizine
메타콸론	Methaqualone
메티마졸	methIMAzole
메티실린	Methicillin
메티오닌	Methionine
메틸도파	Methyldopa
메틸수은	Methylmercury
메페리딘	Meperidine
메플로퀸	Mefloquine
멜라토닌	Melatonin
모사락탐	Moxalactam
몰드치즈	Cheese mold type
몰리브덴	Molybdenum
무구조충	Taenia saginata
무프로신	Mupirocin
미녹시딜	Minoxidil
미안세린	Mianserin
미코나졸	Miconazole
민무늬근	Smooth muscle
바나나속	Musa spp
바르비탈	Barbital
바이러스	Virus
바이멘틴	Vimentin
바큇살균	Actinomycetes
바클로펜	Baclofen
베라파밀	Verapamil
베로독소	Verotoxin
베타네콜	Bethanechol
벤라팍신	Venlafaxine
벤조페논	Benzophenone
병리의사	Pathologist
부탈비탈	Butalbital
부토파놀	Butorphanol
부티로신	Butirosin
뷰포테닌	Bufotenine
브레틸륨	Bretylium
브로모폼	Bromoform
브롬화물	Bromide
비경구적	parenteral
비스무트	Bismuth
빌리루빈	Bilirubin
사르코신	Sarcosine
사슬알균	Streptococcus
사이원반	Intercalated disk
살오징어	Todarodes pacificus
삼중수소	Tritium
서린다크	Sulindac
서트랄린	Sertraline
선모충종	Trichinella
설파티드	Sulfatide
섬모원주	Ciliated columnar lining cells
섬유소원	Fibrinogen
성염색질	Barr bodies
세로토닌	Serotonin
세크레틴	Secretin
세파만돌	Cefamandole
세파졸린	ceFAZolin
세파피린	Cephapirin
세팔렉신	Cephalexin
세팔로틴	Cephalothin
세페파임	Cefepime
세포골격	Cytoskeleton
세포디짐	Cefodizime
세포탁심	Cefotaxime
세포테탄	cefoTEtan
세포티암	Cefotiam
세포티어	Ceftiofur
세포학자	Cytologist
세폭시틴	cefOXitin
세푸록심	Cefuroxime
세프라딘	Cephradine
세프록심	Cefuroxime
세프피롬	Cefpirome
세픽자임	Cefixime
셀레길린	Selegiline
소결핵균	Mycobacterium bovis
소적혈구	Microcytes
수막염균	Neisseria meningitidis
숙신산염	Succinate
스타부딘	Stavudine
스테볼론	Stenbolone
스트론튬	Strontium
시겔라종	Shigella
시녹사신	Cinoxacin
시메티딘	Cimetidine
시스테인	Cysteine
시안화물	Cyanide
시알산염	Sialate
시클리진	Cyclizine
시토카인	Cytokines
시트룰린	Citrulline
실로시빈	Psilocybin
심장근육	Myocardium
쌍살벌속	Polistes spp
쓸개즙산	Bile acid
아디프산	Adipate
아르기닌	Arginine
아만타딘	Amantadine
아메바종	Entamoeba
아목사핀	Amoxapine
아미노산	Amino acids
아미카신	Amikacin
아세틸렌	Acetylene
아스팔트	Asphalt
아자타딘	Azatadine
아주까리	Ricinus communis
아즈레남	Aztreonam
아질산염	Nitrite
아테노롤	Atenolol
아트로핀	Atropine
아편제제	Opiates
안티모니	Antimony
안티피린	Antipyrine
알도라제	Aldolase
알루미늄	Aluminum
알부테롤	Albuterol
암모니아	Ammonia
암페타민	Amphetamines
암피실린	Ampicillin
야생당근	Daucus carota
야생딸기	Fragaria vesca
양식귀리	Avena sativa
에녹사신	Enoxacin
에놀라제	Enolase
에스트론	Estrone
에코나졸	Econazole
에타미반	Etamivan
에탐부톨	Ethambutol
에토돌락	Etodolac
에토토인	Ethotoin
에페드린	ePHEDrine
엔도텔린	Endothelin
엔플루란	Enflurane
엠로디핀	amLODIPine
연전현상	Rouleaux
연필모양	Pencil cells
열원충종	Plasmodium
염색저하	Hypochromia
염소산염	Chlorate
오로티딘	Orotidine
오르니틴	Ornithine
오징어종	Loligo
옥사실린	Oxacillin
옥사제팜	Oxazepam
옥살산염	Oxalate
옥시몰폰	oxyMORphone
옥시코돈	oxyCODONE
옥시토신	Oxytocin
옥타파민	Octopamine
온용혈소	Hemolysin
올레산염	Oleate
옴진드기	Sarcoptes scabiei
와르파린	Warfarin
와편모충	Dinoflagellate
우로빌린	Urobilin
우아바인	Ouabain
원포자충	Cyclospora cayetanensis
위나선균	Helicobacter pylori
유기염소	Organochloride
유리염소	Chlorine
유리위산	Gastric acid
유미미립	Chylomicrons
응혈효소	Hemopexin
이미페넴	Imipenem
이소류신	Isoleucine
이소부탄	Isobutane
이소옥탄	Isooctane
이종친화	Heterophile
이중페닐	Biphenyl
인터페론	Interferon
잘레플론	Zaleplon
잘룩창자	Colon
잘시타빈	Zalcitabine
장수말벌	Dolichovespula arenaria
장알균종	Enterococcus
적혈구계	Erythroid cells
적혈모구	Normoblasts
전단핵구	Promonocytes
전림프구	Prolymphocytes
전알부민	prealbumin
절지동물	Arthropod
정배수체	euploid+Cells
정상범위	Normal
정적혈구	Normocytic
조메피락	Zomepirac
좀진드기	Mite
중성지방	Triglyceride
중쇄항원	heavy chain
중탄산염	Bicarbonate
지도부딘	Zidovudine
지르코늄	Zirconium
지멜리딘	Zimelidine
지질단백	Lipoprotein
진균독소	Mycotoxin
질편모충	Trichomonas vaginalis
창자독소	Enterotoxin
창질경이	Plantago lanceolata
체다치즈	Cheese cheddar type
총고형물	Solids
총단백질	Protein
총알부민	glycated
총혈색소	Hemoglobin
총황산염	organic
카르노신	Carnosine
카르니틴	Carnitine
카보퓨란	Carbofuran
칸디다종	Candida
칼시디올	Calcidiol
칼시토닌	Calcitonin
칼시페롤	Calciferol
캅토프릴	Captopril
코르티손	Cortisone
코마포스	Coumaphos
코발라민	Cobalamins
콜리스틴	Colistin
쿠아제팜	Quazepam
퀘티아핀	QUEtiapine
퀴나크린	Quinacrine
퀴네타존	Quinethazone
크레아틴	Creatine
크레오솔	Creosol
크롬산염	Chromate
클로니딘	cloNIDine
클로라민	Chloramines
클로로퀸	Chloroquine
클로르단	Chlordane
클로바잠	cloBAZam
클로자핀	cloZAPine
타목시펜	Tamoxifen
타일로신	Tylosin
탄수화물	Carbohydrates
탄화수소	Hydrocarbons
탈피실린	Talampicillin
터뷰탈린	Terbutaline
턱구충종	Gnathostoma
테오필린	Theophylline
토코페롤	Tocopherols
투르펜틴	Turpentine
트라조돈	traZODone
트레오닌	Threonine
트립타민	Tryptamine
트립토판	Tryptophan
티아물린	Tiamulin
티오펜탈	Thiopental
틸미코신	Tilmicosin
파라옥손	Paraoxon
파라티온	Parathion
파록세틴	PARoxetine
파모티딘	fentaNYL
파인너트	Pinus edulis
파파베린	Papaverine
팔미트산	Palmitate
페나세틴	Phenacetin
페나조신	Phenazocine
페니라민	Pheniramine
페니실린	Penicillin
페니토인	Phenytoin
페닐젖산	Phenyllactate
페닐케톤	Phenylketones
펜타조신	Pentazocine
펩시노겐	Pepsinogen
폐흡충종	Paragonimus
포레이트	Phorate
포르피린	Porphyrins
폴레드린	Pholedrine
푸마라제	Fumarase
푸모니신	Fumonisin
풋인슐린	Proinsulin
프라제팜	Prazepam
프라조신	Prazosin
프락토롤	Practolol
프로락틴	Prolactin
프로카인	Procaine
프로타민	Protamine
프로판올	Propanol
프로페인	Propane
프로포폴	Propofol
프로폭서	Propoxur
프리미돈	Primidone
플루복사	fluvoxaMINE
플루토늄	Plutonium
피록시캄	Piroxicam
피리독살	Pyridoxal
피리독신	Pyridoxine
한랭단백	Cryoproteins
할라제팜	Halazepam
할로겐화	halogenated
항염증제	Ibuprofen
항우울제	Antidepressants
항트롬빈	Antithrombin
헤타실린	Hetacillin
현미경적	Observation
호고온성	thermophilic
호두나무	Juglans spp
호염기구	Basophils
홀배수체	aneuploid
황다랑어	Thunnus albacares
황혈색소	Sulfhemoglobin
흉막폐렴	Actinobacillus pleuropneumoniae
흰명아주	Chenopodium album
히스타민	Histamine
히스티딘	Histidine
히포잔틴	Hypoxanthine
개비듬	Dog dander
개상피	Dog epithelium
개회충	Toxocara canis
결핵균	Mycobacterium tuberculosis
고구마	Ipomoea batatas
고등어	Scomber japonicus
고분자	macromolecular
고시폴	Gossypol
고엽제	Picloram
고초균	Bacillus subtilis
골수성	Myeloid cells
곰팡이	Fungus
구연산	Citrate
구충종	Ancylostoma
규산염	Silicate
글루텐	Gluten
글리신	Glycine
글리콜	Glycol
기생충	Parasite
나트륨	Sodium
나프톨	Naphthol
날로핀	Nalorphine
날록손	Naloxone
날부핀	Nalbuphine
내독소	Endotoxin
녹농균	Pseudomonas aeruginosa
니아신	Niacin
니코틴	Nicotine
다형핵	Granulocytes
단트론	Dantron
단핵구	Monocytes
닭고기	Chicken meat
대장균	Coliform bacteria
데스민	Desmin
데이지	Chrysanthemum leucanthemum
데조신	Dezocine
도움체	Complement
도파민	DOPamine
독세핀	Doxepin
돌리콜	Dolichol
돼지풀	Ambrosia elatior
디곡신	Digoxin
디옥신	Dioxin
디캄바	Dicamba
디쿼트	Diquat
디필린	Dyphylline
라이신	Lysine
라텍스	Latex
레시틴	Lecithin
레티놀	Retinol
록사핀	Loxapine
루비듐	Rubidium
리보솜	Ribosomal
리보스	Ribose
리설핀	Resperine
리팜핀	rifAMPin
린데인	Lindane
림프구	Lymphocytes
림프종	Lymphoma cells
마뇨산	Hippurate
만니톨	Mannitol
말덴산	Mandelate
말론산	Malonate
매독균	Treponema pallidum
메타돈	Methadone
메탄올	Methanol
멜라닌	Melanin
모넨신	Monensin
모르핀	Morphine
모세포	Blasts
모틸린	Motilin
무기성	inorganic
미생물	Microorganism
미확인	Unidentified cells
바나듐	Vanadium
바이트	Bite cells
방패샘	thyroid
백혈구	Leukocytes
베릴륨	Beryllium
벤지딘	Benzidine
복합산	combined acid
볼데논	Boldenone
봄베신	Bombesin
부기저	parabasal
부설판	Busulfan
부탄올	Butanol
분선충	Strongyloides stercoralis
불화물	Fluoride
불활성	inactive
붕산염	Borate
비산염	Arsenate
비오틴	Biotin
비정형	atypical
비특이	Unspecified cells
비편평	non-squamous
비혈액	Nonhematic cells
빵효모	Saccharomyces cerevisiae
사립체	Mitochondria
사상충	Filaria
살충제	Pesticides
삼나무	Cryptomeria japonica
삼출성	secretory
삼투압	Observation
서교증	Spirillum minus
서양배	Pyrus communis
선모충	Trichinella spiralis
설박탐	Sulbactam
설사약	Laxatives
설사제	Cathartic laxatives
설파제	Sulfonamide
세시움	Cesium
세자리	Sezary cells
세포질	plasma
세포형	Cell type
셀라노	Cellano
셀러리	Apium graveolens
셀레늄	Selenium
소고기	Beef
수면제	Hypnotics
술티암	Sulthiame
스머지	Smudge cells
스칸듐	Scandium
스티렌	Styrene
시금치	Spinacia oleracea
시마진	Simazine
시스틴	Cystine
실로신	Psilocin
실리콘	Silicone
실모양	filamentous
실바딘	Silver sulfADIAZINE
실제값	actual
쓸개즙	Bile
아교질	Collagen
아닐린	Aniline
아데닌	Adenine
아메바	Amoeba
아세톤	Acetone
안세린	Anserine
알라닌	Alanine
알부민	Albumin
알페닐	Alfentanil
암모늄	Ammonium
암배아	Carcinoembryonic
에메틴	Emetine
에비엘	1;q11)(ABL1,BCR) fusion transcript
에탄올	Ethanol
에티온	Ethion
에틸렌	Ethylene
엔도탈	Endothall
엔드린	Endrin
열원충	Plasmodium
염색질	Chromatin
염소젖	Goat milk
염소화	chlorinated
염화물	Chloride
오스뮴	Osmium
옥사밀	Oxamyl
올드린	Aldrin
왜문어	Octopus vulgaris
요산염	Urate
요세관	Tubular cells
요오드	Iodine
요힘빈	Yohimbine
우라늄	Uranium
우라실	Uracil
운동성	motile
울혈됨	pooled
유기산	Organic acids
유럽굴	Ostrea edulis
유리산	free acid
이뇨제	Diuretics
이눌린	Inulin
이자섬	Pancreatic islet cell
인공물	Artifact
인디칸	Indicans
인산염	Phosphate
인슐린	Insulin
인지질	Phospholipid
인화물	Phosphide
인히빈	Inhibin
자극제	Stimulants
적혈구	Erythrocytes
전해질	Electrolytes
점액소	Mucin
정어리	Sardinops melanostictus
제초제	Herbicide
조직구	Histiocytes
졸피뎀	Zolpidem
죽순대	Phyllostachys pubescens
중금속	Heavy metals
지방산	Fatty acids
지방족	aliphatic
직업력	Occupation History of Occupation
진드기	Dermatophagoides sp House dust mite IgE Ab
진통제	Analgesics
질산염	Nitrate
참다래	Actinidia chinensis
촌충종	Taenia
총단백	Protein
총산도	total acid
총혈청	Serum
치료력	Procedure History of Procedure Treatment history
카드뮴	Cadmium
카로틴	Carotene
카바릴	Carbaryl
카세인	Casein
카카오	Theobroma cacao
카테콜	Catechol
카페인	Caffeine
케라틴	Keratin
케타민	Ketamine
켈그룹	Kell
코데인	Codeine
코발트	Cobalt
코카인	Cocaine
코코넛	Cocos nucifera
코티닌	Cotinine
코티손	Cortisone
코티솔	Cortisol
콜치친	Colchicine
콤파진	Prochlorperazine
콩팥외	extrarenal
퀴놀린	Quinoline
크레솔	Cresols
크산틴	Xanthine
키니딘	quiNIDine
타우린	Taurine
타크린	Tacrine
탄산염	Carbonate
탄저균	Bacillus anthracis
털모양	Hairy cells
텅스텐	Tungsten
테바인	Thebaine
텔루륨	Tellurium
토마토	Lycopersicon lycopersicum
톡사펜	Toxaphene
톨루엔	Toluene
톨메틴	Tolmetin
통계란	Egg whole
투명도	Clarity
트립신	Trypsin
티라민	Tyramine
티로신	Tyrosine
티록신	Thyroxine
티몰롤	Timolol
티아민	Thiamine
티타늄	Titanium
파라캇	Paraquat
퍼포린	Perforin
페넬진	Phenelzine
페리틴	Ferritin
페몰린	Pemoline
펜터민	Phentermine
펜토스	Pentoses
포도당	Glucose
포름산	Formate
포스겐	Phosgene
포스핀	Phosphine
포충종	Echinococcus
풋레닌	Prorenin
프라임	prime
프롤린	Proline
피리딘	Pyridine
핀돌올	Pindolol
할로탄	Halothane
항경련	Anticonvulsants
핵농축	Pyknosis
핵소체	nucleolar
핵주위	perinuclear
향기풀	Anthoxanthum odoratum
헤파린	Heparin
헵테인	Heptane
혈색소	Hemoglobin
혈액량	Blood volume
혈장량	Plasma volume
혈철소	Hemosiderin
혈흡충	Schistosoma
호밀풀	Lolium perenne
호산구	Eosinophils
호중구	Neutrophils
환각제	Hallucinogens
황산염	Sulfate
회충종	Ascaris
효모양	yeastlike
휘발성	volatile
흑효모	Aureobasidium pullulans
흡광도	Optical density
히스톤	Histone
간질	Fasciola hepatica
갈륨	Gallium
견치	canine
결합	bound
경구	oral
고전	classic
과당	Fructose
구리	Copper
균사	hyphae
기능	functional
난소	Ovary
니켈	Nickel
단핵	Mononuclear cells
독성	toxic
독소	pertussis toxin
리튬	Lithium
마약	Narcotics
망간	Manganese
매듭	Centromere
미상	Crystals
바륨	Barium
반점	speckled
발린	Valine
백금	Platinum
버섯	Mushroom
베타	beta
부신	Adrenal
붕소	Boron
비소	Arsenic
비중	Observation
산소	Oxygen
상피	Epithelial cells
석면	Asbestos
설탕	Sucrose
세균	Bacteria
신경	Neuronal
아연	Zinc
악성	Malignant cells
액틴	Actin
약물	Drugs
예측	predicted
요소	Urea
요충	Enterobius vermicularis
위산	Gastric acid
유극	Burr cells
윤충	Helminth
이상	abnormal
이행	Transitional cells
인듐	Indium
임균	Neisseria gonorrhoeae
점액	Mucus
정자	Spermatozoa
젖당	Lactose
제거	depleted
조각	Fragments
주석	Tin
중피	Mesothelial cells
직업	Occupation History of Occupation
칼륨	Potassium
칼슘	Calcium
캠퍼	Camphor
콩팥	renal
쿠멘	Cumene
크롬	Chromium
클루	Clue cells
키닌	quiNINE
탈륨	Thallium
토륨	Thorium
판독	Interpretation
펩신	Pepsins
평편	Epithelial cells
표피	Epidermis
핵형	Karyotype
형질	Plasma cells
황화	Sulfide
회충	Ascaris lumbricoides
