Профессиональный анамнез	Occupation History of Occupation
Галактозилцерамидаза	Galactosylceramidase
Гексаметилфосфорамид	Hexamethylphosphoramide
Дезоксикортикостерон	11-Deoxycorticosterone
Дезпропионилфентанил	Despropionylfentanyl
Дигомогаммалиноленат	Dihomogammalinolenate
Дифенилметоксиацетат	Diphenylmethoxyacetate
Карциноэмбриональный	Carcinoembryonic
Неидентифицированные	Unidentified cells
Неидентифицированный	Unidentified
Пентахлорнитробензол	Pentachloronitrobenzene
Пируватдегидрогеназа	Pyruvate dehydrogenase E1
Тетрахлордифенилэтан	Tetrachlorodiphenylethane
Трихлорфеноксиацетат	Trichlorophenoxyacetate
Фенилпропионилглицин	Phenylpropionylglycine
Фосфатидилэтаноламин	Phosphatidylethanolamine
неэстерифицированные	nonesterified
Акарбоксипротромбин	Acarboxyprothrombin
Ацетилхолинэстераза	Acetylcholinesterase
Гидроксиитраконазол	Hydroxyitraconazole
Гидроксипергексилин	Hydroxyperhexiline
Дезоксирибонуклеаза	Deoxyribonuclease
Декстрометамфетамин	Dextromethamphetamine
Метилнортестостерон	Methylnortestosterone
Паранеопластические	Paraneoplastic
Паранеопластический	Paraneoplastic
Тетрагидробиоптерин	Tetrahydrobiopterin
Тетрагидрогестринон	Tetrahydrogestrinone
Тетрагидроканнабиол	Tetrahydrocannabinol
Фенолсульфонфталеин	Phenolsulphonphthalein
Фосфоглицераткиназа	Phosphoglycerate kinase
бета-гемолитический	beta-hemolytic
гипогранулированные	hypogranulated
коагулазонегативный	coagulase negative
лактатдегидрогеназа	Plasmodium sp lactate dehydrogenase
неглюкуронированный	non-glucuronidated
нефракционированный	unfractionated
супероксиддисмутаза	Hepatitis C virus superoxide dismutase
Бромодифенгидрамин	Bromodiphenhydramine
Гексахлоробутадиен	Hexachlorobutadiene
Гидрокортикостерон	Hydrocorticosterone
Гидроксиалпразолам	Hydroxyalprazolam
Гидроксидекандиоат	Hydroxydecanedioate
Гидроксидодеканоат	3-Hydroxydodecanoate
Гликозаминогликаны	Glycosaminoglycans
Глюкозилцерамидаза	Glucosylceramidase
Дезбутилбупивокаин	Desbutylbupivacaine
Дезоксипиридинолин	Deoxypyridinoline
Диэтилкарбамазепин	Diethylcarbamazepine
Иммуноэлектрофорез	Immunoelectrophoresis
Карбоксигемоглобин	Carboxyhemoglobin
Клещ домашней пыли	Dermatophagoides sp House dust mite IgE Ab
Метиландростендиол	Methylandrostenediol
Метилизобутилкетон	Methyl isobutyl ketone
Микромегакариоциты	Micromegakaryocytes
Норхлордиазепоксид	Norchlordiazepoxide
Сиалоолигосахариды	Sialooligosaccharides
Тетрагидрокортизол	Tetrahydrocortisol
Тетрагидрокортизон	Tetrahydrocortisone
Трихлортрифторэтан	Trichlorotrifluoroethane
Тромбоэластографии	Thromboelastography
Фенилэтилмалонамид	Phenylethylmalonamide
Фосфатидилглицерол	Phosphatidylglycerol
Фосфатидилинозитол	Phosphatidylinositol
Фосфоглицеромутаза	Phosphoglyceromutase
Фумарилацетоацетат	Fumarylacetoacetate
Холотранскобаламин	Holo-transcobalamin II
альфакетоглутарата	Glucose^15M pre dose ornithine alpha-ketoglutarate
дезинтегрированный	disintegrated
неидентифицируемые	unidentified
полихроматофильные	polychromatophilic
сыворотка-альбумин	serum-albumin
транс-Октадеканоат	trans-Octadecanoate
углевод-дефицитный	carbohydrate deficient
хлорфенилпиперазин	M-chlorophenylpiperazine
эстерифицированные	esterified
Аденозинтрифосфат	Adenosine triphosphate
Апотранскобаламин	Apo-transcobalamin I
Бендрофлуметиазид	Bendroflumethiazide
Бета-пропиолактон	Beta-propiolactone
Гидроксибупропион	Hydroxybupropion
Гидроксигексаноат	3-Hydroxyhexanoate
Гидроксикобаламин	Hydroxocobalamin
Гидроксипальмитат	3-Hydroxypalmitate
Гидрокситриазолам	Hydroxytriazolam
Гипогликемические	Hypoglycemics
Глицерофосфохолин	Glycerophosphocholine
Дезалкилгалазепам	Desalkylhalazepam
Дезоксигемоглобин	Deoxyhemoglobin
Дезэтилварденафил	Desethylvardenafil
Деоксихолилглицин	Deoxycholylglycine
Диметилсульфоксид	Dimethylsulfoxide
Дифтордихлорметан	Dichlorodifluoroethane
Дихлордифторметан	Dichlorodifluoromethane
Диэтилстилбестрол	Diethylstilbestrol
Метилизоамилкетон	Methyl isoamyl ketone
Микрокальцификаты	Microcalcifications
Неспецифицируемые	Unspecified cells
Продолжительность	Duration
Сульфамедраксозол	Sulfamedraxozole
Сульфонилмочевина	Sulfonylurea
Толуолдиизоцианат	2,4-Toluene diisocyanate
Уридилтрансфераза	Galactose 1 phosphate uridyl transferase
Фенилпропаноламин	Phenylpropanolamine
Формиминоглутамат	Formiminoglutamate
Фосфофруктокиназа	Phosphofructokinase
Хориогонадотропин	Choriogonadotropin
Цианметгемоглобин	Cyanmethemoglobin
агглютинированные	agglutinated
беспрепятственный	unobstructed
вакуолизированные	vacuolated
макромолекулярная	macromolecular
макромолекулярный	macromolecular
мышце-специфичный	muscle specific
неконъюгированный	unconjugated
нестимулированный	unstimulated
сыворотка-глюкоза	serum-glucose
филаментированные	filamented
фитогемагглютинин	phytohemagglutinin
фосфорилированный	phosphorylated
Антиконвульсанты	Anticonvulsants
Аргининосукцинат	Argininosuccinate
Ацетилдигитоксин	Acetyldigitoxin
Ваниллилманделат	Vanillylmandelate
Внутрипросветный	Intraluminal
Внутрисосудистый	Intravascular
Гексадекадиеноат	Hexadecadienoate
Гексакарбоксилат	Hexacarboxylate
Гептакарбоксилат	Heptacarboxylate
Гептахлорэпоксид	Heptachlor epoxide
Гидроксидеканоат	3-Hydroxydecanoate
Гидроксимиристат	3-Hydroxymyristate
Гидроксиоктаноат	3-Hydroxyoctanoate
Гидроксихлорохин	Hydroxychloroquine
Гидрофлуметиазид	Hydroflumethiazide
Дезэтиламиодарон	Desethylamiodarone
Декстроамфетамин	Dextroamphetamine
Диастола-систола	Diastole-systole
Диметилтриптамин	Dimethyltryptamine
Дифференциальная	Differential
Докозагексаеноат	Docosahexaenoate
Докозатетраеноат	Docosatetraenoate
Изобутилкарбинол	Isobutylcarbinol
Изобутирилглицин	Isobutyrylglycine
Изовалерилглицин	Isovalerylglycine
Изокопропорфирин	Isocoproporphyrin
Карбоксимефлохин	Carboxymefloquine
Левометамфетамин	Levomethamphetamine
Лейцин-энкефалин	Leucine-enkephalin
Лечебный анамнез	Procedure History of Procedure Treatment history
Метилпреднизолон	Methylprednisolone
Метилпропилкетон	Methyl propyl ketone
Метилтестостерон	methylTESTOSTERone
Меткопропорфирин	Methcoproporphyrin
Миелопероксидаза	Myeloperoxidase
Моноаминоксидаза	Monoamine oxidase
Моноацетилдапсон	Monoacetyldapsone
Норфлунитразепам	Norflunitrazepam
Пентакарбоксилат	Pentacarboxylate
Сукциниладенозин	Succinyladenosine
Сульфаметоксазол	Sulfamethoxazole
Тетрадекадиеноат	Tetradecadienoate
Тиреопероксидаза	Thyroperoxidase
Трихлорфторметан	Trichlorofluoromethane
Урсодезоксихолат	Ursodeoxycholate
Фенилэтилмалонат	Phenylethylmalonate
Фосфатидилэтанол	Phosphatidylethanol
Фосфоглюкомутаза	Phosphoglucomutase
Хориомаммотропин	Choriomammotropin
Эйкозапентаеноат	Eicosapentaenoate
внутрисосудистый	intravascular
галогенированные	halogenated
затылочно-лобный	occipital-frontal
кислотолабильный	acid labile
миелопероксидаза	myeloperoxidase
мононенасыщенные	monounsaturated
не-наркотические	non-narcotic
непростатическая	non-prostatic
перпендикулярный	perpendicular
полиненасыщенные	polyunsaturated
сегментированные	segmented
сульфатированные	sulfated
чувствительность	sensation
Анамнез лечения	Procedure History of Procedure Treatment history
Ангиотензиноген	Angiotensinogen
Антигистаминные	Histamine H1 receptor antagonist
Антидепрессанты	Antidepressants
Ацетилсалицилат	Acetylsalicylate
Бензилпиперазин	Benzylpiperazine
Бромсульфталеин	Bromsulphthalein
Гексадекандиоат	Hexadecanedioate
Гексаноилглицин	Hexanoylglycine
Гексахлорбензол	Hexachlorobenzene
Гидрохлортиазид	hydroCHLOROthiazide
Гликогенсинтаза	Glycogen synthase I
Дегидроаскорбат	Dehydroascorbate
Дезоксиаденозин	Deoxyadenosine
Дезоксигуанозин	Deoxyguanosine
Дейтеропорфирин	Deuteroporphyrin
Декстрометорфан	Dextromethorphan
Диизобутилкетон	Diisobutylketone
Диметилацетамид	Dimethylacetamide
Диметилформамид	Dimethylformamide
Динорсибутрамин	Dinorsibutramine
Дихлоробензидин	Dichlorobenzidine
Злокачественные	Malignant cells
Карандашевидные	Pencil cells
Малондиальдегид	Malondialdehyde
Метилбутилкетон	Methyl butyl ketone
Метилендианилин	Methylenedianiline
Метилметакрилат	Methylmethacrylate
Метотримепразин	Methotrimeprazine
Норпараметадион	Norparamethadione
Норпропоксифена	Norpropoxyphene
Окситетрациклин	Oxytetracycline
Перфтороктаноат	Perfluorooctanoate
Пропилгекседрин	Propylhexedrine
Пропилтиоурацил	Propylthiouracil
Пропиональдегид	Propionaldehyde
Пропионилглицин	Propionylglycine
Психиатрические	Psychiatric findings
Распространение	Extension
Ролитетрациклин	Rolitetracycline
Самообеспечение	Self management
Симпатомиметики	Sympathomimetics
Сульфгемоглобин	Sulfhemoglobin
Тетрагидрофолат	Tetrahydrofolate
Тетрагидрофуран	Tetrahydrofuran
Тетрадекандиоат	Tetradecanedioate
Тетрадецендиоат	Tetradecenedioate
Тетрахлорэтилен	Tetrachloroethylene
Транквилизаторы	Tranquilizers
Тригексифенидил	Trihexyphenidyl
Триметобензамид	Trimethobenzamide
Трихлорметиазид	Trichlormethiazide
Трихлорфторэтан	Trichlorofluoroethane
Троспетиномицин	Trospectinomycin
Фенилглиоксилат	Phenylglyoxylate
Фенилтолоксамин	Phenyltoloxamine
Флюоксиместерон	Fluoxymesterone
Фосфатидилсерин	Phosphatidylserine
Фосфатидилхолин	Phosphatidylcholine
Фосфоэтаноламин	Phosphoethanolamine
Хенодеоксихолат	Chenodeoxycholate
Хлордиазепоксид	chlordiazePOXIDE
Хлортетрациклин	Chlortetracycline
Холекальциферол	Cholecalciferol
Цитомегаловирус	Cytomegalovirus
Энтеропептидаза	Enteropeptidase
ацетилированный	acetylated
восстановленный	reduced
диспластические	dysplastic
злоупотребления	Drugs of abuse 5
конъюгированный	conjugated
метилциталопрам	Didesmethylcitalopram
морфологический	pathology
назогастральный	nasogastric tube
панкреатическая	pancreatic
плазмацитоидные	plasmacytoid
предварительный	preliminary
преждевременные	preterm
терапевтический	therapeutic
Аденилаткиназа	Adenylate kinase
Аминосалицилат	Aminosalicylate
Андростентриол	Androstenetriol
Арилсульфатаза	Arylsulfatase
Бензилгидразин	Benzylhydrazine
Бензодиазепины	Benzodiazepines
Бензоилэкгонин	Benzoylecgonine
Бензотрихлорид	Benzotrichloride
Внутрикамерный	Intrachamber
Внутричерепной	Intracranial
Гематопорфирин	Hematoporphyrin
Гидроксипролин	Hydroxyproline
Гипероксалурия	Hyperoxaluria
Глутаральдегид	Glutaraldehyde
Госпитализация	Hospital admission
Грепафлоксацин	Grepafloxacin
Гуанидинацетат	Guanidinoacetate
Дегенерирующие	Smudge cells
Декстроморамид	Dextromoramide
Диаминоксидаза	Diamine oxidase
Диклоксациллин	Dicloxacillin
Диметамфетамин	Dimetamphetamine
Жизнеспособные	Viable cells
Изокарбоксазид	Isocarboxazid
Иммуноглобулин	Immunoglobulin
Кератансульфат	Keratan sulfate
Клинафлоксацин	Clinafloxacin
Криофибриноген	Cryofibrinogen
Ламинарибиозид	Laminaribioside
Макропролактин	Macroprolactin
Марбофлоксацин	Marbofloxacin
Мевалонолактон	Mevalonolactone
Мезотелиальные	Mesothelial cells
Метаболическая	Metabolic
Метапротеренол	Metaproterenol
Метгемальбумин	Methemalbumin
Метиламилкетон	Methyl amyl ketone
Метилэргоновин	Methylergonovine
Метилэтилкетон	Methyl ethyl ketone
Метоксифенамин	Methoxyphenamine
Моксифлоксацин	Moxifloxacin
Мононуклеарные	Mononuclear cells
Монофторацетат	Monofluoroacetate
Монохлорацетат	Monochloroacetate
Нитрофурантоин	Nitrofurantoin
Норбупренорфин	Norbuprenorphine
Норвенлафаксин	O-desmethylvenlafaxine
Норкломипрамин	Norclomipramine
Норметсуксимид	Normethsuximide
Нортримипрамин	Nortrimipramine
Норфенфлурамин	Norfenfluramine
Оксигемоглобин	Oxyhemoglobin
Оксифенбутазон	Oxyphenbutazone
Откидывающаяся	Flap
Панцитокератин	Pancytokeratin
Пемптопорфирин	Pemptoporphyrin
Пентахлорфенол	Pentachlorophenol
Пентоксифиллин	Pentoxifylline
Плазматические	Plasma cells
Порфобилиноген	Porphobilinogen
Прегнантриолон	Pregnanetriolone
Предупреждение	Alert
Премафлоксацин	Premafloxacin
Прокальцитонин	Procalcitonin
Пронормобласты	Pronormoblasts
Простагландины	Prostaglandins
Простатическая	prostatic
Прохлорперазин	Prochlorperazine
Псевдоцилиндры	Pseudocasts
Сукцинилацетон	Succinylacetone
Сукцинилпурины	Succinylpurines
Сульфизоксазол	sulfiSOXAZOLE
Транилципромин	Tranylcypromine
Транс-нонахлор	Trans nonachlor
Трансальдолаза	Transaldolase
Трифлуоперазин	Trifluoperazine
Трифлупромазин	Triflupromazine
Тровафлоксацин	Trovafloxacin
Тролеандомицин	Troleandomycin
Тромбоглобулин	Thromboglobulin
Тромбоцитокрит	Plateletcrit
Флудрокортизон	Fludrocortisone
Хитотриозидаза	Chitotriosidase
Холецистокинин	Cholecystokinin
Цианокобаламин	Cyanocobalamin
Циклобензаприн	Cyclobenzaprine
Ципрофлоксацин	Ciprofloxacin
Энтероглюкагон	Enteroglucagon
Эпиандростерон	Epiandrosterone
Эпитестостерон	Epitestosterone
бипариетальный	biparietal
гидроксиэстрон	16-Alpha hydroxyestrone
декарбоксилаза	L-dopa decarboxylase
иммунобластные	immunoblastic
индуцированный	induced
ионизированный	ionized
культивируемый	Avena sativa cultivated
мертворожденый	stillborn
метилированный	methylated
моноклональная	monoclonal band 2
моноклональный	monoclonal
неорганический	inorganic
оплодотворение	In vitro fertilization pregnancy
парентеральный	parenteral
первоначальная	original
передне-задний	anterior-posterior
перинуклеарное	perinuclear
перинуклеарный	perinuclear
перитонеальный	peritoneal
поликлональный	polyclonal
рекомбинантный	Lolium perenne recombinant profilin
термолабильный	thermolabile
транс-Вакценат	trans-Vaccenate
функциональный	functional
хелатированное	chelated
экстрагируемый	PCNA extractable nuclear
Азинфос-метил	Azinphos-methyl
Аквакобаламин	Aquacobalamin
Акрилальдегид	Acrylaldehyde
Аллоизолейцин	Alloisoleucine
Аминоацидемия	Amino acidemias
Аминокапронат	Aminocaproate
Андростандиол	Androstanediol
Андростанолон	Androstanolone
Андростендиол	Androstenediol
Андростендион	Androstenedione
Анидулафунгин	Anidulafungin
Анизохромазия	Anisochromasia
Антидиуретики	Antidiuretics
Антимикробные	Antimicrobials
Антиоксиданты	Antioxidants
Антипсихотики	Antipsychotics
Ацетогексамид	acetoHEXAMIDE
Бакампициллин	Bacampicillin
Бактериальный	Bacterial
Безифлоксацин	Besifloxacin
Бромфенирамин	Brompheniramine
Бутирилглицин	Butyrylglycine
Валерилглицин	Valerylglycine
Виргиниамицин	Virginiamycin
Вмешательства	Interventions
Вмешательство	Procedure
Галактокиназа	Galactokinase
Галактоманнан	Galactomannan
Галлюциногены	Hallucinogens
Гатифлоксацин	Gatifloxacin
Гексадеценоат	Hexadecenoate
Гексахлорофен	Hexachlorophene
Гексахлорэтан	Hexachloroethane
Гексобарбитал	Hexobarbital
Гемифлоксацин	Gemifloxacin
Гемоглобинозы	Hemoglobin disorders
Гептадеценоат	Heptadecenoate
Гетерофильный	Heterophile
Гиалуронидаза	Hyaluronidase
Гидрокортизон	Hydrocortisone
Гидроксилизин	Hydroxylysine
Гликопротеины	Glycoproteins
Гомоцитруллин	Homocitrulline
Гонадолиберин	Gonadotropin releasing hormone
Гризеофульвин	Griseofulvin
Данофлоксацин	Danofloxacin
Дезоксиинозин	Deoxyinosine
Дезоксиуридин	Deoxyuridine
Демеклоциклин	Demeclocycline
Дигидрокодеин	Dihydrocodeine
Дизэритропоэз	Dyserythropoiesis
Дименгидринат	dimenhyDRINATE
Диметилаланин	N,N-Dimethylaniline
Диметилбензол	Dimethylbenzene
Диметилфталат	Dimethylphthalate
Динитробензол	Dinitrobenzene
Динофлагеллят	Dinoflagellate
Дифенгидрамин	diphenhydrAMINE
Дихлорфенамид	Dichlorphenamide
Диэтилпропион	Diethylpropion
Диэтилсульфат	Diethylsulfate
Идентификатор	Identifier
Идентификация	Identification
Иммунодефицит	Immunodeficiency
Интерпретация	Interpretation
Кальпротектин	Calprotectin
Карбапенемаза	Carbapenemase
Карбенициллин	Carbenicillin
Карбиноксамин	Carbinoxamine
Карбофенотион	Carbophenothion
Кларитромицин	Clarithromycin
Копропорфирин	Coproporphyrin
Кортикостерон	Corticosterone
Кортикотропин	Corticotropin
Креатинкиназа	Creatine kinase
Лактоглобулин	Lactoglobulin
Латеральность	Laterality
Леветирацетам	levETIRAcetam
Левофлоксацин	levoFLOXacin
Ломефлоксацин	Lomefloxacin
Макроглобулин	Macroglobulin
Малональдегид	Malondialdehyde
Мегакариоциты	Megakaryocytes
Меркаптопурин	Mercaptopurine
Метамиелоциты	Metamyelocytes
Метгемогломин	Methemoglobin
Метиклотиазид	Methyclothiazide
Метилгиппурат	Methylhippurate
Метилендиамин	Methylenediamine
Метиленхлорид	Methylene chloride
Метилсукцинат	Methylsuccinate
Метилфентанил	Methylfentanyl
Метоклопрамид	Metoclopramide
Метоксиацетат	Methoxyacetate
Метоксифлуран	Methoxyflurane
Микроальбумин	Microalbumin
Микроорганизм	Microorganism
Микроспоридии	Microsporidia
Моноцитоидные	Monocytoid cells
Нейрофиламент	Neurofilament
Нитроглицерин	Nitroglycerin
Нитрозонафтол	Nitrosonaphthol
Норгидрокодон	Norhydrocodone
Нормапротилин	Normaprotiline
Норметанефрин	Normetanephrine
Нормефенитоин	Normephenytoin
Нормиртазапин	Normirtazapine
Нормоцитарный	Normocytic
Норсибутрамин	Norsibutramine
Норсилденафил	Norsildenafil
Нортамоксифен	Nortamoxifen
Нортапентадол	Nortapentadol
Норфлуоксетин	Norfluoxetine
Норциталопрам	Norcitalopram
Норэтандролон	Norethandrolone
Окситрифиллин	Oxytriphylline
Оксифенизатин	Oxyphenisatin
Окскарбазепин	OXcarbazepine
Олигосахариды	Oligosaccharides
Орбифлоксацин	Orbifloxacin
Ортопоксвирус	Orthopoxvirus
Панкреастатин	Pancreastatin
Пентадеканоат	Pentadecanoate
Пентобарбитал	PENTobarbital
Пивампициллин	Pivampicillin
Пиридостигмин	Pyridostigmine
Пируваткиназа	Pyruvate kinase
Прекалликреин	Prekallikrein
Прекератоциты	Prekeratocytes
Пристинамицин	Pristinamycin
Пропансультон	1,3-Propane sultone
Простагландин	Prostaglandin
Протопорфирин	Protoporphyrin
Псевдоэфедрин	Pseudoephedrine
Рибосомальный	Ribosomal
Рокситромицин	Roxithromycin
Сарафлоксацин	Sarafloxacin
Сопротивление	Resistance
Спарфлоксацин	Sparfloxacin
Спектиномицин	Spectinomycin
Сперматогонии	Spermatogonia
Сперматозоиды	Spermatozoa
Спиронолактон	Spironolactone
Стрептокиназа	Streptokinase
Суберилглицин	Suberylglycine
Сукцинилхолин	Succinylcholine
Сульфаметизол	Sulfamethizole
Сульфапиридин	Sulfapyridine
Сульфасалазин	sulfaSALAzine
Сульфоридазин	Sulforidazine
Сульфоцистеин	Sulfocysteine
Талампициллин	Talampicillin
Темафлоксацин	Temafloxacin
Тетрахлорэтан	Tetrachloroethane
Тиодигликолат	Thiodiglycolate
Тиреоглобулин	Thyroglobulin
Тиэтилперазин	Thiethylperazine
Транскетолаза	Transketolase
Трийодтиронин	Triiodothyronine
Трихлорацетат	Trichloroacetate
Трихлортиазид	Trichlorothiazide
Трихлорэтанол	Trichloroethanol
Трихлорэтилен	Trichloroethylene
Феназопиридин	Phenazopyridine
Фендиметразин	Phendimetrazine
Феррохелатаза	Ferrochelatase
Финафлоксацин	Finafloxacin
Флунитразепам	Flunitrazepam
Флуорометолон	Fluorometholone
Фондапаринукс	Fondaparinux
Фосампренавир	Fosamprenavir
Хирургическое	Surgery Rx
Хлорамфеникол	Chloramphenicol
Хлорамфетамин	Chloroamphetamine
Хлорпротиксен	Chlorprothixene
Хлорфенирамин	Chlorpheniramine
Хлорфентермин	Chlorphentermine
Холинестераза	Cholinesterase
Холинэстераза	Cholinesterase
Церулоплазмин	Ceruloplasmin
Цианобактерия	Cyanobacterium
Циклогексанол	Cyclohexanol
Циклогексанон	Cyclohexanone
Циклофосфамид	Cyclophosphamide
Ципрогептадин	Cyproheptadine
Чедиак-Хигаси	Chediak-Higashi cells
Членистоногое	Arthropod
Эверниномицин	Everninomicin
Энрофлоксацин	Enrofloxacin
Эпителиальные	Epithelial cells
Эпихлоргидрин	Epichlorohydrin
Этиламфетамин	Ethylamphetamine
Этиленгликоль	Ethylene glycol
Этиохоланолон	Etiocholanolone
алифатические	aliphatic
внутримышечно	Testosterone^pre 5000 U HCG IM
гидроксииндол	JWH-200 4-Hydroxyindole
гиперплоидные	hyperdiploid
гликированный	glycated
интерпретация	Alpha-1-Fetoprotein interpretation
лейкоцитарная	leukocyte
не-дисморфизм	non-dysmorphic
не-чешуйчатые	non-squamous
нейтрофильные	neutrophilic
относительный	relative
парабазальные	parabasal
подписывающий	signing
положительный	positive
прогрессивные	progressive
промежуточные	mid
промежуточный	medium
разнообразные	miscellaneous
респираторный	respiratory
синтетические	synthetic
хлорированные	chlorinated
эозинофильные	eosinophilic
Акрилонитрил	Acrylonitrile
Аллобарбитал	Allobarbital
Амдиноциллин	Amdinocillin
Аминобензоат	Aminobenzoate
Аминокислоты	Amino acids
Амисульпирид	Amilsulpride
Амитриптилин	Amitriptyline
Амоксициллин	Amoxicillin
Апробарбитал	Aprobarbital
Аценокумарол	Acenocoumarol
Ацетазоламид	acetaZOLAMIDE
Ацетальдегид	Acetaldehyde
Ацетаминофен	Acetaminophen
Ацетофеназин	Acetophenazine
Ацилкарнитин	Acylcarnitine
Бамбермицины	Bambermycins
Бензальдегид	Benzaldehyde
Беременности	Pregnancies
Беременность	Pregnancy
Бромокриптин	Bromocriptine
Бутабарбитал	Butabarbital
Галактоземии	Galactosemias
Гареноксацин	Garenoxacin
Гомованиллат	Homovanillate
Гомогентизат	Homogentisate
Гомокарнозин	Homocarnosine
Дезлоратадин	Desloratadine
Декадиендиат	Decadienediate
Дексаметазон	Dexamethasone
Дибензофуран	Dibenzofuran
Дигидрофолат	Dihydrofolate
Динитрофенол	Dinitrophenol
Диритромицин	Dirithromycin
Дисахаридазы	Disaccharidases
Дифеноксилат	Diphenoxylate
Дихлорбензол	Dichlorobenzene
Диэтаноламин	Diethanolamine
Додекандиоат	Dodecanedioate
Додецендиоат	Dodecenedioate
Доксорубицин	DOXOrubicin
Долутегравир	Dolutegravir
Золмитриптан	ZOLMitriptan
Изотретиноин	ISOtretinoin
Исследование	Study duration
Карбамазепин	carBAMazepine
Каризопродол	Carisoprodol
Катехоламины	Catecholamines
Клобензорекс	Clobenzorex
Клоксациллин	Cloxacillin
Клопентиксол	Clopenthixol
Клорпреналин	Clorprenaline
Колистиметат	Colistimethate
Конвергенция	Convergence
Консистенция	Consistency
Криоглобулин	Cryoglobulin
Криопротеины	Cryoproteins
Ксантохромия	Xanthochromia
Куматетралил	Coumatetralyl
Лактальбумин	Lactalbumin
Левамфетамин	Levoamphetamine
Лентикуляция	Lenticulation
Лорметазепам	Lormetazepam
Макроамилаза	Macroamylase
Мегалобласты	Megaloblasts
Мезитилоксид	Mesityl oxide
Мезопорфирин	Mesoporphyrin
Меклофенамат	Meclofenamate
Метамфетамин	Methamphetamine
Метилакрилат	Methylacrylate
Метилмалонат	Methylmalonate
Метилпарабен	Methylparaben
Метилфенидат	Methylphenidate
Метилэфедрин	MethylePHEDrine
Метогекситал	Methohexital
Метокарбамол	Methocarbamol
Метронидазол	metroNIDAZOLE
Мефобарбитал	Mephobarbital
Мишеневидные	Target cells
Можжевельник	Juniper
Моносахариды	Monosaccharides
Монохлорамин	Monochloramine
Мультисекция	Multisection
Нейрональный	Neuronal
Нитазоксанид	Nitazoxanide
Нитропруссид	Nitroprusside
Норастемизол	Norastemizole
Норверапамил	Norverapamil
Норклостебол	Norclostebol
Нормеперидин	Normeperidine
Нормиансерин	Normianserin
Нороксикодон	Noroxycodone
Нороланзапин	Norolanzapine
Норсертралин	Norsertraline
Нортриптилин	Nortriptyline
Норфлоксацин	Norfloxacin
Норэпинефрин	Norepinephrine
Оксиместерон	Oxymesterone
Октадеканоат	octadecanoate
Олеандомицин	Oleandomycin
Осмотическая	Osmotic fragility^0
Остеокальцин	Osteocalcin
Пальмитолеат	Palmitoleate
Параметадион	Paramethadione
Параоксозана	Paraoxonase-arylesterase 1
Пендиметалин	Pendimethalin
Пикорнавирус	Picornavirus
Пиперациллин	Piperacillin
Пойкилоцитоз	Poikilocytosis
Полихромазия	Polychromasia
Прегнантриол	Pregnanetriol
Про-гепсидин	Pro-hepcidin
Проводимость	Conduction
Прозрачность	Clarity
Пролимфоциты	Prolymphocytes
Промиелоциты	Promyelocytes
Пропиленимин	Propyleneimine
Пропифеназон	Propyphenazone
Протриптилин	Protriptyline
Пылевой клещ	Dermatophagoides sp House dust mite IgE Ab
Растяжимость	Compliance
Рекомендация	Recommendation
Ретикулоциты	Reticulocytes
Рибонуклеаза	Ribonuclease
Ривароксабан	Rivaroxaban
Росиглитазон	Rosiglitazone
Седогептитол	Sedoheptitol
Секобарбитал	Secobarbital
Синаптофизин	Synaptophysin
Синовиальные	Synovial cells
Слабительные	Laxatives
Солитромицин	Solithromycin
Соматические	Somatic cells
Соматостатин	Somatostatin
Соматотропин	Somatotropin
Сперматоциты	Spermatocytes
Стабильность	Stability
Стафилолизин	Staphylolysin
Стигмастанол	Stigmastanol
Стигмастерол	Stigmasterol
Стрептомицин	Streptomycin
Субъективный	Subjective
Сульфадиазин	sulfADIAZINE
Сульфатидаза	Sulfatidase
Сульфатидный	Sulfatide
Сульфгидрилы	Sulfhydryls
Сфингомиелин	Sphingomyelin
Талапентадол	Tapentadol
Телитромицин	Telithromycin
Терифлуномид	Teriflunomide
Тиглилглицин	Tiglylglycine
Токсикология	Toxicology
Триамцинолон	Triamcinolone
Тримеперидин	Trimeperidine
Триметиламин	Trimethylamine
Трипеленамин	Tripelennamine
Тромбопоэтин	Thrombopoietin
Углеводороды	Hydrocarbons
Уробилиноген	Urobilinogen
Фексофенадин	Fexofenadine
Фенетициллин	Phenethicillin
Фенилбутазон	Phenylbutazone
Фенилпируват	Phenylpyruvate
Фенобарбитал	PHENobarbital
Фенолфталеин	Phenolphthalein
Фенпропорекс	Fenproporex
Фидаксомицин	Fidaxomicin
Флоксациллин	Floxacillin
Флупентиксол	Flupenthixol
Флурбипрофен	Flurbiprofen
Формальдегид	Formaldehyde
Формононетин	Formononetin
Фруктокиназа	Fructokinase
Фторуглероды	Fluorocarbons
Химиотерапия	Chemotherapy
Хлорбензилат	Chlorobenzilate
Хлоргексидин	Chlorhexidine
Хлорзоксазон	Chlorzoxazone
Хлормеродрин	Chlormerodrin
Хлорпромазин	chlorproMAZINE
Хлорпропамид	chlorproPAMIDE
Хлорэтиловый	Bis(2-Chloroethyl) ether
Цефалоглицин	Cephaloglycin
Цефалоспорин	Cephalosporin
Элвитегравир	Elvitegravir
Эмтрицитабин	Emtricitabine
Энтеротоксин	Enterotoxin
Эритропоэтин	Erythropoietin
Эсциталопрам	Escitalopram
Этилэстренол	Ethylestrenol
агранулярные	agranular
анеуплоидные	aneuploid
бинакулярный	binocular
бинокулярный	binocular
гликопротеин	Platelet glycoprotein Ia-IIa
госпитальный	hospital
диареегенный	diarrheagenic
динамическая	dynamic
живорождение	live
инъекционный	injectable
исследование	study
карбоксилаза	Propionyl CO-A carboxylase
классическое	classic
направляющий	ED referring practitioner ID
ненасыщенный	unsaturated
нестабильный	unstable
ограниченный	limited
органический	organic
плацентарная	placental
плацентарный	placental
пулированный	pooled
расправление	inflation
растворённый	dissolved
сагиттальный	sagittal
синовиальный	synovial
термофильные	thermophilic
химиотерапия	chemotherapy
центробласты	centroblasts
центросомный	centrosomal
цис-Вакценат	cis-Vaccenate
экзотический	exotic
эксцизионный	excisional
Адиполактон	Adipolactone
Адипонектин	Adiponectin
Азитромицин	Azithromycin
Акцелерация	Acceleration
Аллопуринол	Allopurinol
Альдостерон	Aldosterone
Альфапродин	Alphaprodine
Амобарбитал	Amobarbital
Амфетаминил	Amphetaminil
Анальгетики	Analgesics
Андростерон	Androsterone
Антитромбин	Antithrombin
Антраквинон	Anthraquinone
Аргининемия	Argininemia
Ариламидаза	Arylamidase
Арипипразол	ARIPiprazole
Атомоксетин	Atomoxetine
Ацепромазин	Acepromazine
Ацетилхолин	Acetylcholine
Ацетоацетат	Acetoacetate
Ацетонитрил	Acetonitrile
Ацилглицины	Acylglycines
Барбитураты	Barbiturates
Бензфетамин	Benzfetamine
Бетаметазон	Betamethasone
Бивалирудин	Bivalirudin
Биотинидаза	Biotinidase
Бромадиолон	Bromadiolone
Бромперидол	Bromperidol
Бугенвиллея	Bougainvillea
Бупренорфин	Buprenorphine
Бутриптилин	Butriptyline
Вазопрессин	Vasopressin
Венлафаксин	Venlafaxine
Витронектин	Vitronectin
Вориконазол	Voriconazole
Галлотаннин	Gallotannin
Галоперидол	Haloperidol
Ганцикловир	Ganciclovir
Гаптоглобин	Haptoglobin
Гвайфенезин	guaiFENesin
Гексокиназа	Hexokinase
Гемоглобина	Hemoglobin H inclusion bodies
Гемосидерин	Hemosiderin
Гемфиброзил	Gemfibrozil
Гидроксизин	hydrOXYzine
Гидроморфон	HYDROmorphone
Гипертрофия	Hypertrophy
Гиперхромия	Hyperchromia
Гипоксантин	Hypoxanthine
Глюкозидаза	Glucosidase
Гомоцистеин	Homocysteine
Гранулоциты	Granulocytes
Гуммиарабик	Gum arabic
Далбаванцин	Dalbavancin
Декстрорфан	Dextrorphan
Делавиридин	Delavirdine
Деоксихолат	Deoxycholate
Десмостерол	Desmosterol
Децелерация	Deceleration
Дизопирамид	Disopyramide
Дипиридамол	Dipyridamole
Дисульфирам	Disulfiram
Дифлоксацин	Difloxacin
Доксициклин	Doxycycline
Дростанолон	Drostanolone
Изомальтаза	Isomaltase
Изопропанол	Isopropanol
Индометацин	Indomethacin
Инфликсимаб	inFLIXimab
Итраконазол	Itraconazole
Калицивирус	Calicivirus
Кальретинин	Calretinin
Кальцитонин	Calcitonin
Кальцитриол	Calcitriol
Кальциферол	Calciferol
Кампестерол	Campesterol
Каннабиоиды	Cannabinoids
Капреомицин	Capreomycin
Капролактам	Caprolactam
Кардиолипин	Cardiolipin
Каспофунгин	Caspofungin
Кетобемидон	Ketobemidone
Кетоконазол	Ketoconazole
Кислотность	Acidity
Кленбутерол	Clenbuterol
Клиндамицин	Clindamycin
Кломипрамин	clomiPRAMINE
Клотримазол	Clotrimazole
Коллагеназа	Collagenase
Кональбумин	Conalbumin
Коронавирус	Coronavirus
Кропропамид	Cropropamide
Ксантуренат	Xanthurenate
Лактоферрин	Lactoferrin
Ламотриджин	lamoTRIgine
Лимфобласты	Lymphoblasts
Липопротеин	Lipoprotein
Локализация	Site
Макробласты	Macroblasts
Маммоглобин	Mammaglobin
Маннобиозид	Mannobioside
Мезлоциллин	Mezlocillin
Мезоридазин	Mesoridazine
Меклоциклин	Meclocycline
Метазоламид	methazolAMIDE
Метальдегид	Metaldehyde
Метандиенон	Metandienone
Метанефрины	Metanephrines
Метапирилен	Methapyrilene
Метараминол	Metaraminol
Метасистокс	Metasystox
Метоксихлор	Methoxychlor
Метотрексат	Methotrexate
Метсуксимид	Methsuximide
Мефентермин	Mephentermine
Миелобласты	Myeloblasts
Микофенолат	Mycophenolate
Милнаципран	Milnacipran
Миристолеат	Myristoleate
Митохондрии	Mitochondria
Модальность	Modality
Моксалактам	Moxalactam
Мукопротеин	Mucoprotein
Надпочечный	Adrenal
Натализумаб	Natalizumab
Нейротензин	Neurotensin
Непрерывный	Continuous ST segment monitoring
Никотинамид	Nicotinamide
Никотинурат	Nicotinurate
Нитробензол	Nitrobenzene
Нитроксолин	Nitroxoline
Нордиазепам	Nordiazepam
Нордоксепин	Nordoxepin
Нордотиепин	Nordothiepin
Норклобазам	Norclobazam
Норклозапин	Norclozapine
Нормобласты	Normoblasts
Нормохромия	Normochromic
Нортрамадол	Desmethyltramadol metabolites
Норфенефрин	Norfenefrine
Норфентанил	Norfentanyl
Норэтиндрон	Norethindrone
Объективный	Objective
Озелтамивир	Oseltamivir
Окрашивание	Stain
Оксандролон	Oxandrolone
Оксибутинин	Oxybutynin
Оксиметолон	Oxymetholone
Оксипуринол	Oxipurinol
Оксихлордан	Oxychlordane
Окспренолол	Oxprenolol
Омадациклин	Omadacycline
Оритаванцин	Oritavancin
Остеобласты	Osteoblasts
Остеонектин	Osteonectin
Паклитаксел	PACLitaxel
Паповавирус	Papova virus SV40
Паральдегид	Paraldehyde
Паромомицин	Paromomycin
Парэховирус	Parechovirus
Пентетразол	Pentetrazol
Пенцикловир	Penciclovir
Пергексилин	Perhexiline
Пефлоксацин	Pefloxacin
Пиоглитазон	Pioglitazone
Пиразинамид	Pyrazinamide
Пиридинолин	Pyridinoline
Пиридоксаль	Pyridoxal
Пириметамин	Pyrimethamine
Пировалерон	Pyrovalerone
Плазминоген	Plasminogen
Пластинками	Platelet factor 3
Поверхность	Surface
Подвижность	Motility
Позаконазол	Posaconazole
Преальбумин	Prealbumin
Прегнандиол	Pregnanediol
Прегненолон	Pregnenolone
Преднизолон	prednisoLONE
Прогестерон	Progesterone
Прокаинамид	Procainamide
Промоноциты	Promonocytes
Пропиомазин	Propiomazine
Пропоксифен	Propoxyphene
Пропранолол	Propranolol
Простанозол	Prostanozol
Протионамид	Prothionamide
Проциклидин	Procyclidine
Разъяснение	Explanation
Ралтегравир	Raltegravir
Растворимая	Soluble fms-like tyrosine kinase-1
Салиномицин	Salinomycin
Салициламид	Salicylamide
Салицилурат	Salicylurate
Сатратоксин	Satratoxin
Сепиаптерин	Sepiapterin
Сероуглерод	Carbon disulfide
Серповидные	Sickle cells
Стеркобилин	Stercobilin
Стимуляторы	Stimulants
Стирипентол	Stiripentol
Стоматоциты	Stomatocytes
Сульфалазин	Sulfalazine
Сульфонамид	Sulfonamide
Суматриптан	SUMAtriptan
Сурфактанты	Surfactants
Тайгециклин	Tigecycline
Тейкопланин	Teicoplanin
Температура	Temperature
Тестолактон	Testolactone
Тестостерон	Testosterone
Тетрациклин	Tetracycline
Тиамфеникол	Thiamphenicol
Тикарциллин	Ticarcillin
Тиреотропин	Thyrotropin
Транскортин	Transcortin
Трансферрин	Transferrin
Триглицерид	Triglyceride
Тримепразин	Trimeprazine
Триметадион	Trimethadione
Триметоприм	Trimethoprim
Тримипрамин	Trimipramine
Трипролидин	Triprolidine
Трипсиноген	Trypsinogen
Трифлуралин	Trifluralin
Трихлорэтан	Trichloroethane
Триэтиламин	Triethylamine
Тропомиозин	Tropomyosin
Уропорфирин	Uroporphyrin
Фамцикловир	Famciclovir
Фенилаланин	Phenylalanine
Фенилацетат	Phenylacetate
Фенилкетоны	Phenylketones
Фениллактат	Phenyllactate
Фенкамфамин	Fencamfamin
Фенметразин	Phenmetrazine
Фенотиазины	Phenothiazines
Фенпрокумон	Phenprocoumon
Фенсуксимид	Phensuximide
Фенфлурамин	Fenfluramine
Фенциклидин	Phencyclidine
Фенэтиламин	Phenethylamine
Фибрилларин	Fibrillarin
Фибронектин	Fibronectin
Физикальные	Physical findings
Фитостеролы	Sterols
Флероксацин	Fleroxacin
Флорфеникол	Florfenicol
Флувоксамин	fluvoxaMINE
Флуспирилен	Fluspirilene
Фоллитропин	Follitropin
Фосфенитоин	Fosphenytoin
Фосфолипаза	Phospholipase
Фосфорилаза	Phosphorylase
Фруктозамин	Fructosamine
Фуразолидон	Furazolidone
Фурфенорекс	Furfenorex
Хиломикроны	Chylomicrons
Химотрипсин	Chymotrypsin
Хлормазанон	Chlormezanone
Хлоротиазид	Chlorothiazide
Хлороциклин	Chlorocycline
Хлорпирифос	Chlorpyrifos
Хлорталидон	Chlorthalidone
Холилглицин	Cholylglycine
Хромогранин	Chromogranin
Цефадроксил	Cefadroxil
Цефалоридин	Cephaloridine
Цефменоксим	Cefmenoxime
Цефоперазон	Cefoperazone
Цефподоксим	Cefpodoxime
Цефтизоксим	Ceftizoxime
Цефтобипрол	Ceftobiprole
Цефтриаксон	cefTRIAXone
Циклациллин	Cyclacillin
Циклогексан	Cyclohexane
Циклогуанил	Cycloguanil
Циклопропан	Cyclopropane
Циклоспорин	cycloSPORINE
Циклотиазид	Cyclothiazide
Цистатионин	Cystathionine
Цитирование	Citation
Цитокератин	Cytokeratin cells
Шлемовидные	Helmet cells
Эксфолиация	Exfoliation
Эллиптоциты	Elliptocytes
Энтеровирус	Enterovirus
Эозионофилы	Eosinophils
Эритроидные	Erythroid cells
Эритромицин	Erythromycin
Этилмалонат	Ethylmalonate
Этогептазин	Ethoheptazine
Этосуксимид	Ethosuximide
Этхлорвинол	Ethchlorvynol
базофильные	basophilic
внепочечные	extrarenal
внутривенно	Cortisol^pre 100 ug CRH IV
ворота-кора	hilum-cortex
генитальный	genital
герпесвирус	Bovine herpesvirus 1
клинический	clinical
комментарии	comments
латеральный	lateral
нейтральный	neutral
неподвижные	immotile
нефрогенный	nephrogenous
ортохромные	orthochromic
почкующиеся	budding
преальбумин	prealbumin
растворимый	soluble
расширенная	extended
расширенный	extended
реснитчатый	ciliated
секреторный	secretory
статическая	static
токсический	toxic
токсическое	toxic
трансфераза	Glutathione S-transferase
тригидрокси	trihydroxy
хромосомный	chromosomal
циклический	cyclic
энтеральный	enteral
Авиламицин	Avilamycin
Адалимумаб	Adalimumab
Аденовирус	Adenovirus
Азатиоприн	azaTHIOprine
Азлоциллин	Azlocillin
Азуроцидин	Azurocidin
Акампросат	Acamprosate
Акантоциты	Acanthocytes
Активность	Activity
Актуальная	actual
Алмециллин	Almecillin
Алпразолам	ALPRAZolam
Алпренолол	Alprenolol
Алфентанил	Alfentanil
Альбутерол	Albuterol
Альфавирус	Alphavirus
Альфапинен	Alphapinene
Аминопирин	Aminopyrine
Ампициллин	Ampicillin
Ампренавир	Amprenavir
Амфетамины	Amphetamines
Андрогенов	Androgen
Анизоцитоз	Anisocytosis
Анилэридин	Anileridine
Аномальные	Bizarre cells
Антранилат	Anthranilate
Арахидонат	Arachidonate
Аргатробан	Argatroban
Аренавирус	Arenavirus
Астровирус	Astrovirus
Атазанавир	Atazanavir
Афлатоксин	Aflatoxin
Ацебутолол	Acebutolol
Ацетофенон	Acetophenone
Бацитрацин	Bacitracin
Бендиокарб	Bendiocarb
Бензофенон	Benzophenone
Бензтиазид	Benzthiazide
Бензтропин	Benztropine
Бентиромид	Bentiromide
Бикарбонат	Bicarbonate
Боластерон	Bolasterone
Боцепревир	Boceprevir
Брадикинин	Bradykinin
Бродифакум	Brodifacoum
Бромазепам	Bromazepam
Бупивакаин	Bupivacaine
Буталбитал	Butalbital
Бутеноксид	1-Butene oxide
Буторфанол	Butorphanol
Ванкомицин	Vancomycin
Варденафил	Vardenafil
Веротоксин	Verotoxin
Вигабатрин	Vigabatrin
Внутренний	Intrinsic coagulation factor activity 4
Габапентин	Gabapentin
Галактитол	Galactitol
Гаммопатия	Gammopathy
Ганглиозид	Ganglioside
Гематокрит	Hematocrit
Гемицистин	Hemicystine
Гемоглобин	Hemoglobin
Гемопексин	Hemopexin
Гентамицин	Gentamicin
Гепариноид	Heparinoid
Гептаминол	Heptaminol
Гетациллин	Hetacillin
Гетерофилы	Heterophils
Гиалуронат	Hyaluronate
Гидралазин	hydrALAZINE
Гидрокодол	free
Гидрокодон	HYDROcodone
Гидрохинон	Hydroquinone
Гиосциамин	Hyoscyamine
Гипохромия	Hypochromia
Гистиоциты	Histiocytes
Гистология	Histology
Глимепирид	Glimepiride
Глиоксилат	Glyoxylate
Глутаконат	Glutaconate
Глутетимид	Glutethimide
Гомоцистин	Homocystine
Дабигатран	Dabigatran
Дакриоциты	Dacryocytes
Даптомицин	DAPTOmycin
Дезипрамин	Desipramine
Дезоморфин	Desomorphine
Демоксепам	Demoxepam
Дескриптор	Descriptor
Джозамицин	Josamycine
Диазометан	Diazomethane
Дибензепин	Dibenzepin
Дигитоксин	Digitoxin
Диклофенак	Diclofenac
Диметадион	Dimethadione
Диспозиция	Disposition
Дифлунизал	Diflunisal
Дихлорэтан	Dichloroethane
Дицикломин	Dicyclomine
Диэтиламин	Diethylamine
Докозеноат	Docosenoate
Доксазозин	Doxazosin
Доксиламин	Doxylamine
Домперидон	Domperidone
Дополнение	Addendum
Дополнения	Accessories
Дроперидол	Droperidol
Дулоксетин	DULoxetine
Е-кадгерин	E-cadherin
Залцитабин	Zalcitabine
Зиготность	Zygosity
Зипрасидон	Ziprasidone
Изепамицин	Isepamicin
Изобутанол	Isobutanol
Изоконазол	Isoconazole
Илоперидон	Iloperidone
Инструкции	Instructions
Интерферон	Interferon
Калликреин	Kallikrein
Кальдесмон	Caldesmon
Кальцидиол	Calcidiol
Карбофуран	Carbofuran
Карведилол	Carvedilol
Каррагинан	Carageenan
Квинетазон	Quinethazone
Кетопрофен	Ketoprofen
Клавуланат	Clavulanate
Клоназепам	clonazePAM
Клоразепат	Clorazepate
Клофазимин	Clofazimine
Кобаламины	Cobalamins
Кокаэтилен	Cocaethylene
Компоненты	Components
Кротетамид	Crotetamide
Ланостерол	Lanosterol
Леворфанол	Levorphanol
Лефлуномид	Leflunomide
Лизиноприл	Lisinopril
Лимециклин	Lymecycline
Линкомицин	Lincomycin
Лоракарбеф	Loracarbef
Мапротилин	Maprotiline
Мексилетин	Mexiletine
Мепивакаин	Mepivacaine
Мепробамат	Meprobamate
Местеролон	Mesterolone
Метаквалон	Methaqualone
Метаксалон	Metaxalone
Метанефрин	Metanephrine
Метарбитал	Metharbital
Метастерон	Methasterone
Метациклин	Methacycline
Метдилазин	Methdilazine
Метилртуть	Methylmercury
Метиприлон	Methyprylon
Метициллин	Methicillin
Метоксален	Methoxsalen
Метопролол	Metoprolol
Мефенитоин	Mephenytoin
Мефенорекс	Mefenorex
Миелоидные	Myeloid cells
Микафунгин	Micafungin
Микотоксин	Mycotoxin
Миноксидил	Minoxidil
Миноциклин	Minocycline
Миокамицин	Miocamycin
Миртазапин	Mirtazapine
Митрагинин	Mitragynine
Моклобемид	Moclobemide
Монобласты	Monoblasts
Морфология	Morphology
Налидиксат	Nalidixate
Налтрексон	Naltrexone
Наполнение	Engorgement
Натеглинид	Nateglinide
Нейрофизин	Neurophysin
Нейтрофилы	Neutrophils
Нелфинавир	Nelfinavir
Неостигмин	Neostigmine
Нетилмицин	Netilmicin
Никардипин	niCARdipine
Никоморфин	Nicomorphine
Нитразепам	Nitrazepam
Нитрофенол	Nitrophenol
Нитрофурал	Nitrofurazone
Новобиоцин	Novobiocin
Номифензин	Nomifensine
Норкетамин	Norketamine
Нормальный	normal
Норникотин	Nornicotine
Нуклеосома	Nucleosome
Овальбумин	Ovalbumin
Окружность	Circumference
Оксациллин	Oxacillin
Оксиморфин	oxyMORphone
Оксиморфон	oxyMORphone
Октендиоат	Octenedioate
Опухолевые	Neoplastic cells
Ортокрезол	Orthocresol
Орфенадрин	Orphenadrine
Осложнения	Complications
Офлоксацин	Ofloxacin
Палатиназа	Palatinase
Панкуроний	Pancuronium
Пантотенат	Pantothenate
Пароксетин	PARoxetine
Пенициллин	Penicillin
Пентазоцин	Pentazocine
Пепсиноген	Pepsinogen
Переходные	Transitional cells
Перициазин	Pericyazine
Перфеназин	Perphenazine
Пипамперон	Pipamperone
Пиридоксин	Pyridoxine
Пирлимицин	Pirlimycin
Пироксикам	Piroxicam
Плазомицин	Plazomicin
Политиазид	Polythiazide
Поперечный	Transverse
Порфобилин	Porphobilin
Прегабалин	Pregabalin
Приведение	Adduction
Пробенецид	Probenecid
Проинсулин	Proinsulin
Прометазин	Promethazine
Пропафенон	Propafenone
Простейшие	Protozoa
Протромбин	Prothrombin
Псилоцибин	Psilocybin
Разгибание	Extension
Разжижение	Liquefaction
Рамопланин	Ramoplanin
Ребоксетин	Reboxetine
Репаглинид	Repaglinide
Ретровирус	Retrovirus
Рибофлавин	Riboflavin
Рилпивирин	Rilpivirine
Рисперидон	risperiDONE
Ристоцетин	Ristocetin
Рифаксимин	rifAXIMin
Розоксацин	Rosoxacin
Рокурониум	Rocuronium
Ропивокаин	Ropivacaine
Саквинавир	Saquinavir
Салицилаты	Salicylates
Сибутрамин	Sibutramine
Сидерофаги	Siderophages
Сидероциты	Siderocytes
Скополамин	Scopolamine
Снотворные	Hypnotics
Спирамицин	Spiramycin
Станозолол	Stanozolol
Столбчатые	Columnar cells
Сульбактам	Sulbactam
Сульфатиды	Sulfatides
Сурфактант	Surfactant
Суфентанил	SUFentanil
Тазобактам	Tazobactam
Такролимус	Tacrolimus
Тамоксифен	Tamoxifen
Телаванцин	Telavancin
Телапревир	Telaprevir
Телбивудин	Telbivudine
Темоциллин	Temocillin
Тербинафин	Terbinafine
Тербуталин	Terbutaline
Терконазол	Terconazole
Терфенадин	Terfenadine
Тиацетазон	Thiacetazone
Тизоксанид	Tizoxanide
Тиклопидин	Ticlopidine
Тилмикозин	Tilmicosin
Тиоридазин	Thioridazine
Тиосульфат	Thiosulfate
Типранавир	Tipranavir
Тиротропин	Thyrotropin
Тобрамицин	Tobramycin
Токоферолы	Tocopherols
Толбутамид	TOLBUTamide
Триамтерен	Triamterene
Триокиназа	Triokinase
Трихотецен	Trichothecene
Трометамин	Tromethamine
Тубулярные	Tubular cells
Ультразвук	Ultrasound class
Фенетиллин	Fenetylline
Фенилэфрин	Phenylephrine
Фенопрофен	Fenoprofen
Фенхлорфос	Fenchlorphos
Фибриноген	Fibrinogen
Финастерид	Finasteride
Фитонадион	Phytonadione
Флавивирус	Flavivirus
Флуконазол	Fluconazole
Флунизолид	Flunisolide
Флуоксетин	FLUoxetine
Флуразепам	Flurazepam
Флуфеназин	fluPHENAZine
Фосфатидат	Phosphatidate
Фосфолипид	Phospholipid
Фосфомицин	Fosfomycin
Фосфосерин	Phosphoserine
Фрамицетин	Framycetin
Фторурацил	Fluorouracil
Хантавирус	Hantavirus
Химопапаин	Chymopapain
Хитобиозид	Chitobioside
Хлорацетат	Chloroacetate
Хлорбензол	Chlorobenzene
Холеглобин	Choleglobin
Холестанол	Cholestanol
Холестерол	Cholesterol
Целекоксиб	Celecoxib
Центромера	Centromere
Цефалексин	Cephalexin
Цефамандол	Cefamandole
Цефатризин	Cefatrizine
Цефацетрил	Cefacetrile
Цефдиторен	Cefditoren
Цефметазол	Cefmetazole
Цефозопран	Cefozopran
Цефокситин	cefOXitin
Цефотаксим	Cefotaxime
Цефсулодин	Cefsulodin
Цефтазидим	cefTAZidime
Цефтаролин	Ceftaroline
Цефтибутен	Ceftibuten
Цефуроксим	Cefuroxime
Циклосерин	cycloSERINE
Циластатин	Cilastatin
Циноксацин	Cinoxacin
Циталопрам	Citalopram
Эверолимус	Everolimus
Эндоксифен	Endoxifen
Эндомизиум	Endomysium
Эндотоксин	Endotoxin
Энфувиртид	Enfuvirtide
Эозинофилы	Eosinophils
Эргостерол	Ergosterol
Эритроциты	Erythrocytes
Этаноламин	Ethanolamine
Этилацетат	Ethyl acetate
Этилбензол	Ethyl benzene
Этиленимин	Ethyleneimine
Этилморфин	Ethylmorphine
абсолютный	absolute
аномальные	abnormal
аномальный	abnormal
внутреннее	intrinsic
внутренний	inside
гигантские	giant
глюкоронат	glucuronidated
гомогенный	homogeneous
дигидрокси	dihydroxy
дисморфизм	dysmorphic
диэтиламид	2-Oxo-3-Hydroxy-Lysergate diethylamide
количество	Lactobacillus acidophilus colony
насыщенный	saturated
неактивный	inactive
небелковый	nonprotein
нитевидные	filamentous
нитевидный	filamentous
нормальные	normal
нормальный	Normal
обеднённый	depleted
окисленные	oxidized
окисленный	oxidized
остаточный	residual
печеночная	liver
поперечная	transverse
поперечный	transverse
постоянный	permanent
предсердие	atrium
приложение	addendum
прогнозный	predicted
псевдогифы	pseudohyphae
семи-прото	semi-proto
спонтанный	spontaneous
стимуляция	5 ug pokeweed mitogen stimulation
субчастица	subparticle
ультразвук	ultrasound
центроциты	centrocytes
чешуйчатый	squamous
щитовидная	thyroid
эритроциты	RBC
ядрышковый	nucleolar
Азтреонам	Aztreonam
Акриламид	Acrylamide
Аллантоин	Allantoine
Аллергены	Allergen
Альдолаза	Aldolase
Амантадин	Amantadine
Амиодарон	Amiodarone
Амлодипин	amLODIPine
Амоксапин	Amoxapine
Амфетамин	Amphetamine
Амфифизин	Amphiphysin
Антипирин	Antipyrine
Анулоциты	Anulocytes
Апибаксан	Apixaban
Апрамицин	Apramycin
Арбекацин	Arbekacin
Арбовирус	Arbovirus
Аспарагин	Asparagine
Астемизол	Astemizole
Атоваквон	Atovaquone
Ацикловир	Acyclovir
Бесплатно	No charge
Бетанехол	Bethanechol
Билирубин	Bilirubin
Биоптерин	Biopterin
Бипериден	Biperiden
Бисакодил	Bisacodyl
Бромоформ	Bromoform
Будесонид	Budesonide
Буметанид	Bumetanide
Бупропион	buPROPion
Бусульфан	Busulfan
Бутирозин	Butirosin
Буфотенин	Bufotenine
Вальпроат	Valproate
Верапамил	Verapamil
Вилазодон	Vilazodone
Влажность	Moisture
Водоросли	Algae
Волосатые	Hairy cells
Выведение	Output
Гадолиний	Gadolinium
Галазепам	Halazepam
Галактоза	Galactose
Гемолизин	Hemolysin
Генистеин	Genistein
Геометрия	Geometry
Гепатоцит	Hepatocyte paraffin 1
Гептахлор	Heptachlor
Гестринон	Gestrinone
Гидрастин	Hydrastine
Гистрелин	Histrelin
Гликвидон	Gliquidone
Гликлазид	Gliclazide
Глутатион	Glutathione
Госпиталь	Hospital
Грибковые	Fungal
Дантролен	Dantrolene
Дарунавир	Darunavir
Дегмациты	Bite cells
Десмосома	Desmosome
Децендиат	Decenedioate
Диазоксид	Diazoxide
Диаморфин	Diamorphine
Дибекацин	Dibekacin
Диданозин	Didanosine
Дикумарол	Dicoumarol
Дилтиазем	dilTIAZem
Дипипанон	Dipipanone
Дисферлин	Dysferlin
Диуретики	Diuretics
Дифенакум	Difenacoum
Добутамин	DOBUTamine
Доксапрам	Doxapram
Донепезил	Donepezil
Дорипенем	Doripenem
Жимолость	Honeysuckle
Занамивир	Zanamivir
Зидовудин	Zidovudine
Зимелидин	Zimelidine
Золазепам	Zolazepam
Зомепирак	Zomepirac
Зонисамид	Zonisamide
Ибупрофен	Ibuprofen
Изолейцин	Isoleucine
Изониазид	Isoniazid
Изофлуран	Isoflurane
Изоцианат	Isocyanate
Изоцитрат	Isocitrate
Имипрамин	Imipramine
Индинавир	Indinavir
Кальпонин	Calponin
Канамицин	Kanamycin
Каптоприл	Captopril
Карбаматы	Carbamates
Карбидопа	Carbidopa
Карбромал	Carbromal
Карумонам	Carumonam
Кветиапин	QUEtiapine
Кеторолак	Ketorolac
Кининоген	Kininogen
Кинуренат	Kynurenate
Кинуренин	Kynurenin
Кластерин	Clusterin
Клостебол	Clostebol
Клофибрат	Clofibrate
Косметика	Cosmetic
Креатинин	Creatinine
Кристаллы	Crystals
Ксилулоза	Xylulose
Кумафурил	Coumafuryl
Лабеталол	Labetalol
Лакосамид	Lacosamide
Лактулоза	Lactulose
Ламивудин	lamiVUDine
Лауролеат	Lauroleate
Левамизол	Levamisole
Лейкоциты	Leukocytes
Лекарство	Drugs
Лимфомные	Lymphoma cells
Лимфоциты	Lymphocytes
Линезолид	Linezolid
Литохолат	Lithocholate
Лоперамид	Loperamide
Лопинавир	Lopinavir
Лоразепам	LORazepam
Лоратадин	Loratadine
Лоркаинид	Lorcainide
Макрофаги	Macrophages
Макроциты	Macrocytes
Максатаза	Maxatase
Малаоксон	Malaoxon
Марибавир	Maribavir
Мевалонат	Mevalonate
Медазепам	Medazepam
Мезотелин	Mesothelin
Мелатонин	Melatonin
Меперидин	Meperidine
Меропенем	Meropenem
Метанолон	Methanolone
Метахолин	Methacholine
Метенолон	Metenolone
Метилдопа	Methyldopa
Метимазол	methIMAzole
Метирапон	metyraPONE
Метолазон	metOLazone
Метформин	metFORMIN
Мефенамат	Mefenamate
Миансерин	Mianserin
Миболерон	Mibolerone
Мидазолам	Midazolam
Миелоциты	Myelocytes
Миконазол	Miconazole
Микроциты	Microcytes
Миоглобин	Myoglobin
Модафинил	Modafinil
Морицизин	Moricizine
Мупироцин	Mupirocin
Набуметон	Nabumetone
Нандролон	Nandrolone
Напроксен	Naproxen
Наркотики	Narcotics
Натамицин	Natamycin
Нафциллин	Nafcillin
Невирапин	Nevirapine
Нейтрофил	Neutrophil
Неоптерин	Neopterin
Нефазодон	Nefazodone
Низатидин	Nizatidine
Никетамид	Nikethamide
Нифедипин	NIFEdipine
Норкодеин	Norcodeine
Норкокаин	Norcocaine
Норморфин	Normorphine
Норовирус	Norovirus
Овалоциты	Ovalocytes
Овомукоид	Ovomucoid
Оксаболон	Oxabolone
Оксазепам	Oxazepam
Оксиданты	Oxidants
Оксикодон	oxyCODONE
Окситоцин	Oxytocin
Оксолинат	Oxolinate
Октопамин	Octopamine
Оланзапин	OLANZapine
Олеандрин	Oleandrin
Омепразол	Omeprazole
Орнидазол	Ornidazole
Отведение	Abduction
Пальмитат	Palmitate
Панипенем	Panipenem
Папаверин	Papaverine
Параоксон	Paraoxon
Паратирин	Parathyrin
Персеитол	Perseitol
Перхлорат	Perchlorate
Пестициды	Pesticides
Пипеколат	Pipecolate
Пиперамид	Pipemidate
Пипрадрол	Pipradrol
Пириламин	Pyrilamine
Пиромидат	Piromidate
Пластинка	Platelet
Пластинки	Platelets
Поддержка	Support
Порфирины	Porphyrins
Практолол	Practolol
Преднизон	predniSONE
Прилокаин	Prilocaine
Пристанат	Pristanate
Провайдер	Provider
Пролактин	Prolactin
Пролинтан	Prolintane
Пропоксур	Propoxur
Профессия	Occupation History of Occupation
Псевдоним	Alias
Разупенем	Razupenem
Рамелтеон	Ramelteon
Ранитидин	raNITIdine
Ретикулин	Reticulin
Рибавирин	Ribavirin
Риновирус	Rhinovirus
Ритонавир	Ritonavir
Рифабутин	Rifabutin
Розамицин	Rosamicin
Ротавирус	Rotavirus
Руфинамид	Rufinamide
Сазапирин	Sasapyrine
Селегилин	Selegiline
Серотонин	Serotonin
Сертралин	Sertraline
Сиалидаза	Sialidase
Сизомицин	Sisomicin
Сиролимус	Sirolimus
Сорафениб	SORAfenib
Сравнение	Comparison
Стенболон	Stenbolone
Сулопенем	Sulopenem
Сульпирид	Sulpiride
Сульфамид	Sulphonamide
Сульфатид	Sulfatide
Сфероциты	Spherocytes
Сыворотка	Serum
Тадалафил	Tadalafil
Тартразин	Tartrazine
Твёрдость	Firmness
Тедизолид	Tedizolid
Темазепам	Temazepam
Тенофовир	Tenofovir
Теобромин	Theobromine
Теофиллин	Theophylline
Теплового	Heat shock protein 60
Теразозин	Terazosin
Терпентин	Turpentine
Терпинеол	Terpineol
Тетракаин	Tetracaine
Тизанидин	tiZANidine
Тинидазол	Tinidazole
Тиогуанид	Thioguanine
Тиопентал	Thiopental
Тиотиксен	Thiothixene
Тиоцианат	Thiocyanate
Титруемая	titratable
Толазамид	TOLAZamide
Топирамат	Topiramate
Трегалаза	Trehalase
Тренболон	Trenbolone
Триазолам	Triazolam
Триклопир	Triclopyr
Триптамин	Tryptamine
Триптофан	Tryptophan
Уравнение	Equation
Утолщение	Thickening
Фамотидин	Famotidine
Фаропенем	Faropenem
Феназоцин	Phenazocine
Фенацемид	Phenacemide
Фенацетин	Phenacetin
Фенетурид	Pheneturide
Фенирамин	Pheniramine
Фентермин	Phentermine
Фенхлофос	Fenclorvos
Флекаинид	Flecainide
Фломоксеф	Flomoxef
Флумеквин	Flumequine
Фолликулы	Follicles
Фоскарнет	Foscarnet
Фосфатаза	Phosphatase
Фрагменты	Fragments
Фуразабол	Furazabol
Фуросемид	Furosemide
Хинолинат	Quinolinate
Хлорамины	Chloramines
Хлордекон	Chlordecone
Хлорметан	Chloromethane
Хлороформ	Chloroform
Хромосома	Chromosome
Цефазолин	ceFAZolin
Цефалотин	Cephalothin
Цефапирин	Cephapirin
Цефетамет	Cefetamet
Цефминокс	Cefminox
Цефодизим	Cefodizime
Цефоницид	Cefonicid
Цефоранид	Ceforanide
Цефотетан	cefoTEtan
Цефпрозил	Cefprozil
Цефтиофур	Ceftiofur
Цидофовир	Cidofovir
Циметидин	Cimetidine
Цисплатин	CISplatin
Цитруллин	Citrulline
Чернослив	Prune
Шистоциты	Schistocytes
Эндотелин	Endothelin
Эноксацин	Enoxacin
Энтекавир	Entecavir
Энтероцит	Enterocyte
Эпидермис	Epidermis
Эпинефрин	EPINEPHrine
Эрготамин	Ergotamine
Эритритол	Erythritol
Эритроцит	Erythrocyte
Эртапенем	Ertapenem
Эстазолам	Estazolam
Эстрадиол	Estradiol
Этакринат	Ethacrynate
Этамбутол	Ethambutol
Этафедрин	Etafedrine
Этилэфрин	Etilefrine
Этионамид	Ethionamide
Этистерон	Ethisterone
Этравирин	Etravirine
Эфавиренз	Efavirenz
Эхиноциты	Burr cells
ассистент	assisting
атипичное	atypical
атипичные	atypical
атипичный	atypical
базальный	basal
биогенные	biogenic
ближайшее	closest
ближайший	closest
введённый	administered
вербалика	verbal
витальное	vital
вторичные	secondary
вторичный	secondary
гибридный	BCR-ABL1 e1a2 fusion protein
глутатион	glutathione
дрожжевые	yeastlike
измерение	dimension
илеостома	ileostomy
интактный	intact
карцинома	carcinoma
колостома	colostomy
отведение	lead
пальмитат	palmitate
патология	pathology
первичные	primary
первичный	primary
повторный	re-crossmatch
подвижные	motile
полушарие	hemisphere
последний	latest
свободная	free
свободные	free
связанный	bound
сердечный	cardiac
сыворотка	serum
терминаль	C-terminal
токсичное	toxic
третичный	tertiary
холодовой	cold
Абакавир	Abacavir
Аденозин	Adenosine
Адефовир	Adefovir
Азатидин	Azatadine
Акадезин	Acadesine
Аконитат	Aconitate
Алдикарб	Aldicarb
Алкалаза	Alkalase
Аллергии	Allergies
Альбумин	Albumin
Алюминий	Aluminum
Амикацин	Amikacin
Амилорид	aMILoride
Анабазин	Anabasine
Арабитол	Arabitol
Арахидат	Arachidate
Аргиназа	Arginase
Артефакт	Artifact
Артикаин	Articaine
Аскорбат	Ascorbate
Аспартат	Aspartate
Атенолол	Atenolol
Ацетамид	Acetamide
Ацетилен	Acetylene
Базофилы	Basophils
Баклофен	Baclofen
Бактерии	Bacteria
Барбитал	Barbital
Бензидин	Benzidine
Бензонат	Benzonatate
Бериллий	Beryllium
Биапенем	Biapenem
Болденон	Boldenone
Бомбезин	Bombesin
Бретилий	Bretylium
Бромелин	Bromelin
Буспирон	busPIRone
Вакценат	Vaccenate
Ваниллат	Vanillate
Варфарин	Warfarin
Вещество	Substance
Виментин	Vimentin
Винкулин	Vinculin
Виомицин	Viomycin
Вольфрам	Tungsten
Вязкость	Viscosity
Гельминт	Helminth
Гентизат	Gentisate
Гербицид	Herbicide
Германий	Germanium
Гидразин	Hydrazine
Гиппурат	Hippurate
Гистамин	Histamine
Гистидин	Histidine
Глибурид	glyBURIDE
Гликоген	Glycogen synthase I
Гликолат	Glycolate
Глипизид	glipiZIDE
Глифосат	Glyphosate
Глицерат	Glycerate
Глицерол	Glycerol
Глобулин	Globulin
Глутамат	Glutamate
Глутамин	Glutamine
Глутарат	Glutarate
Глюкагон	Glucagon
Говядина	Beef
Госсипол	Gossypol
Градиент	Pressure gradient
Давление	Pressure
Движение	Movement
Деканоат	Decanoate
Диазепам	diazePAM
Диазинон	Diazinon
Дигоксин	Digoxin
Диметоат	Dimethoate
Дифиллин	Dyphylline
Дихлофос	Dichlorvos
Диэлдрин	Dieldrin
Доксепин	Doxepin
Дотиепин	Dothiepin
Залеплон	Zaleplon
Золпидем	Zolpidem
Зопиклон	Zopiclone
Изобутан	Isobutane
Изооктан	Isooctane
Изофорон	Isophorone
Иклаприм	Iclaprim
Имипенем	Imipenem
Индиканы	Indicans
Инозитол	Inositol
Источник	Origin
Йогексол	Iohexol
Йохимбин	Yohimbine
Канренон	Canrenone
Карбарил	Carbaryl
Карбонат	Carbonate
Кариотип	Karyotype
Карнитин	Carnitine
Карнозин	Carnosine
Каталаза	Catalase
Квадрант	Quadrant
Квазепам	Quazepam
Кислород	Oxygen
Клобазам	cloBAZam
Клозапин	cloZAPine
Клонидин	cloNIDine
Ключевые	Clue cells
Колистин	Colistin
Коллаген	Collagen
Колхицин	Colchicine
Кортизол	Cortisol
Кортизон	Cortisone
Кровоток	Blood flow velocity
Ксилитол	Xylitol
Ксипамид	Xipamid
Курятина	Chicken
Леводопа	Levodopa
Леводофа	Levodopa
Лейкоцит	Leukocyte common
Лидокаин	Lidocaine
Лизосома	Lysosome
Лимфоцит	Lymphocyte
Линолеат	Linoleate
Липолаза	Lipolase
Липофаги	Lipophages
Лозартан	Losartan
Локсапин	Loxapine
Лютропин	Lutropin
М-крезол	M-cresol
Мазиндол	Mazindol
Малатион	Malathion
Малигнин	Malignin
Мальтоза	Maltose
Манделат	Mandelate
Маннитол	Mannitol
Марганец	Manganese
Материал	Material
Мевинфос	Mevinphos
Меклизин	Meclizine
Мемантин	Memantine
Менадион	Menadione
Мерсалил	Mersalyl
Мескалин	Mescaline
Метионин	Methionine
Мефедрон	Mephedrone
Мефлохин	Mefloquine
Миогенин	Myogenin
Миристат	Myristate
Молибден	Molybdenum
Молиндон	Molindone
Моненсин	Monensin
Моноциты	Monocytes
Мочевина	Urea
Мутность	Turbidity
Налбуфин	Nalbuphine
Налоксон	Naloxone
Налорфин	Nalorphine
Нафталин	Naphthalene
Незрелые	Immature cells
Неомицин	Neomycin
Нервонат	Nervonate
Нистатин	Nystatin
Ньюберит	Newberyite
Окреотид	Octreotide
Окседрин	Oxedrine
Октаноат	Octanoate
Оротидин	Orotidine
П-крезол	P-cresol
Палладий	Palladium
Паразиты	Parasites
Паракват	Paraquat
Паратион	Parathion
Паргилин	Pargyline
Перголид	Pergolide
Периметр	Perimeter
Перфорин	Perforin
Перфузия	Perfusion
Песчанка	Gerbil
Пиклорам	Picloram
Пиндолол	Pindolol
Пирменол	Pirmenol
Плутоний	Plutonium
Празепам	Prazepam
Празозин	Prazosin
Примидон	Primidone
Проекции	Views
Проекция	View
Промазин	Promazine
Пропанол	Propanol
Пропофол	Propofol
Проренин	Prorenin
Протамин	Protamine
Псилоцин	Psilocin
Пуркинье	Purkinje cells
Рагоциты	Ragocytes
Растение	Plant
Реовирус	Reovirus
Респерин	Resperine
Ретенция	Retention
Ретионат	Retinoate
Рецессия	Recession
Рифампин	rifAMPin
Савиназа	Savinase
Саркозин	Sarcosine
Сахараза	Sucrase
Сахариды	Saccharides
Сахароза	Sucrose
Сгибание	Flexion
Секретин	Secretin
Синкалид	Sincalide
Скорпион	Scorpion
Сорбитол	Sorbitol
Ставудин	Stavudine
Стрихнин	Strychnine
Строение	Texture
Стронций	Strontium
Сукцинат	Succinate
Сулиндак	Sulindac
Сультиам	Sulthiame
Сульфиты	Sulfites
Теллурий	Tellurium
Телятина	Veal
Тербуфос	Terbufos
Термамил	Termamyl
Тиагабин	tiaGABine
Тиамилал	Thiamylal
Тиамулин	Tiamulin
Тироксин	Thyroxine
Токаинид	Tocainide
Токсафен	Toxaphene
Толметин	Tolmetin
Тразодон	traZODone
Трамадол	traMADol
Триеноат	Trienoate
Триптаза	Tryptase
Трисомия	Trisomy 21 risk cutoff
Убихитин	Ubiquitin
Углеводы	Carbohydrates
Уробилин	Urobilin
Фадиатоп	Phadiatop
Фелбамат	Felbamate
Фенелзин	Phenelzine
Фенитоин	Phenytoin
Фентанил	fentaNYL
Ферритин	Ferritin
Фоледрин	Pholedrine
Фолкодин	Pholcodine
Фруктоза	Fructose
Фумараза	Fumarase
Характер	Character
Хинакрин	Quinacrine
Хлорохин	Chloroquine
Хлорэтан	Chloroethane
Хроматин	Chromatin
Цефадрин	Cephadrine
Цефаклор	Cefaclor
Цефаэлин	Cephaeline
Цефдинир	Cefdinir
Цефиксим	Cefixime
Цефотиам	Cefotiam
Цефпиром	Cefpirome
Цефрадин	Cephradine
Цизаприд	Cisapride
Циклизин	Cyclizine
Цилиндры	Casts
Цирконий	Zirconium
Цитокины	Cytokines
Цитохром	Cytochrome C oxidase
Шиншилла	Chinchilla
Эзогабин	Ezogabine
Эконазол	Econazole
Эластаза	Elastase
Энкаинид	Encainide
Энфлуран	Enflurane
Эпендима	Ependymal cells
Эстераза	Esterase
Эстетика	Aesthetics
Эстроген	Estrogen
Этамиван	Etamivan
Этинамат	Ethinamate
Этодолак	Etodolac
аморфные	amorphous
бутаноат	JWH-073 butanoate
ветвящий	1,4-Alpha glucan branching enzyme
генотипа	HIV genotype
диастола	diastole
интервал	QTC interval
истинный	true
кислород	oxygen
кишечная	intestinal
лейкоцит	leukocyte
липоамид	lipoamide
лёгочная	lung
моторика	motor
наружный	outside
незрелые	immature
обратный	reverse
овальные	oval
оральные	oral
оральный	oral
основной	primary
пентатол	JWH-018 pentanol
плацента	placenta
почечная	renal
почечные	renal
пре-бета	pre-beta
пробитый	pitted
простата	prostate
резидент	resident
середина	mid
сетчатые	reticulated
тепловой	warm
цитохром	cytochrome
Ёмкость	Capacity
Акрилат	Acrylate
Акрозин	Acrosin
Алахлор	Alachlor
Амарант	Pigweed
Амилаза	Amylase
Амилоид	Amyloid
Аммоний	Ammonium
Ансерин	Anserine
Аргинин	Arginine
Арсенат	Arsenate
Асфальт	Asphalt
Атропин	Atropine
Бабочка	Butterfly
Бензоат	Benzoate
Биопсия	Biopsy
Блистер	Blister cells
Боковая	Side
Бутанол	Butanol
Бутират	Butyrate
Ванадий	Vanadium
Верхняя	Top
Водород	Hydrogen
Возраст	Age
Волокна	Fibers
Выкидыш	Abortions
Галотан	Halothane
Гастрин	Gastrin
Гепарин	Heparin
Гирудин	Hirudin
Глиадин	Gliadin
Гликоль	Glycol
Глубина	Depth
Глюкоза	Glucose
Горчица	Mustard
Даназол	Danazol
Дантрон	Dantron
Дезоцин	Dezocine
Диагноз	Diagnosis
Диаметр	Diameter
Дикамба	Dicamba
Диносеб	Dinoseb
Диоксин	Dioxin
Дипирон	Dipyrone
Дифенил	Biphenyl
Долгота	Longitude
Долихол	Dolichol
Допамин	DOPamine
Дыхание	Breaths
Енолаза	Enolase
Желатин	Gelatin
Ингибин	Inhibin
Инсулин	Insulin
Кальций	Calcium
Камбала	Flounder
Каротин	Carotene
Катехол	Catechol
Кератин	Keratin
Кетамин	Ketamine
Кобальт	Cobalt
Конопля	Hemp
Коровий	Bovine diarrhea virus 1
Коровье	(Arachis hypogaea+Cow milk+Egg white+Mustard)
Коронка	Crown
Корюшка	Smelt
Котинин	Cotinine
Крахмал	Starch
Креатин	Creatine
Крезолы	Cresols
Креозол	Creosol
Круглые	Round cells
Ксантин	Xanthine
Ксилоза	Xylose
Кумафос	Coumaphos
Лактоза	Lactose
Лецитин	Lecithin
Лизоцим	Lysozyme
Ликопин	Lycopene
Лимфома	Lymphoma
Малонат	Malonate
Манноза	Mannose
Мафенид	Mafenide
Меконий	Meconium
Меланин	Melanin
Метадон	Methadone
Метанол	Methanol
Метилон	Methylone
Миокард	Myocardium
Митотан	Mitotane
Моразон	Morazone
Мотилин	Motilin
Надолол	Nadolol
Никотин	Nicotine
Образец	Specimen
Оксалат	Oxalate
Оксамил	Oxamyl
Оленина	Venison
Оптохин	Optochin
Орнитин	Ornithine
Паразит	Parasite
Патолог	Pathologist
Пемолин	Pemoline
Пентозы	Pentoses
Пепсины	Pepsins
Пимозид	Pimozide
Пиразол	Pyrazole
Пиридин	Pyridine
Пирролы	Pyrroles
Пируват	Pyruvate
Платина	Platinum
Площадь	Area
Подёнка	Mayfly
Позиция	Position
Половые	Germ cells
Примеси	Adulterants
Примула	Primrose
Прокаин	Procaine
Протеин	Protein
Пшеница	(Alternaria alternata+Aspergillus fumigatus+Rye pollen+Wheat pollen)
Ретинол	Retinol
Рибитол	Ribitol
Рубидий	Rubidium
Руменат	Rumenate
Сардина	Sardine
Сверчок	Cricket
Свинина	Pork
Сгусток	Clot
Себакат	Sebacate
Серебро	Silver
Серицин	Sericin
Силикат	Silicate
Силикон	Silicon
Симазин	Simazine
Скандий	Scandium
Слёзный	Lacrimal
Соталол	Sotalol
Сторона	Side
Суберат	Suberate
Сульфат	Sulfate
Сульфид	Sulfide
СывПлаз	SerPl
Тейхоат	Teichoate
Темефос	Temephos
Тиазиды	Thiazides
Тибамат	Tybamate
Тилапии	Tilapia
Тилозин	Tylosin
Тимидин	Thymidine
Тимолол	Timolol
Тирамин	Tyramine
Тирозин	Tyrosine
Толщина	Thickness
Тошнота	Nausea
Треитол	Threitol
Треонин	Threonine
Трипсин	Trypsin
Углерод	Carbon
Фамилия	Name
Фентион	Fenthion
Филярия	Filaria
Фитанат	Phytanate
Фонофос	Fonofos
Фузидат	Fusidate
Фумарат	Fumarate
Фумозин	Fumonisin
Хинидин	quiNIDine
Хинолин	Quinoline
Хлордан	Chlordane
Цефепим	Cefepime
Цилиндр	Cylinder
Цистеат	Cysteate
Цистеин	Cysteine
Цитолог	Cytologist
Частота	Frequency
Шоколад	Chocolate
Эндотал	Endothall
Эндофит	Endophyte
Энолаза	Enolase
Эстриол	Estriol
Этотоин	Ethotoin
Эфедрин	ePHEDrine
Ягнёнок	Lamb
Ядерное	Nuclear
Ядерные	Nucleated cells
Ядерный	Nuclear
Ядерных	Nuclear pore protein gp210
большие	large
больший	long
большой	large
бутанол	JWH-073 butanol
вариант	variant
ведущий	drive
выбытие	discharge
гепарин	heparin
глубина	deep
диаметр	diameter
желчная	bile
конский	equine
костная	bone
краткая	brief
краткий	brief
крупные	coarse
летучие	volatile
личинка	Taenia solium larva
мономер	monomeric
обычная	usual
пациент	patient
плодные	fetal
плодный	fetal
просвет	translucency
систола	systole
собачий	canine
средний	mean
срочные	term
текущий	current
широкие	broad
штатный	staff
щелевые	clefted
ядерные	nucleated
Аденин	Adenine
Адипат	Adipate
Азелат	Azelate
Аланин	Alanine
Алдрин	Aldrin
Амибен	Amiben
Аммиак	Ammonia
Анилин	Aniline
Апелин	Apelin
Асбест	Asbestos
Аферез	Apheresis
Ацетат	Acetate
Ацетон	Acetone
Бензол	Benzene
Биотин	Biotin
Бласты	Blasts
Бромид	Bromide
Бумага	Paper
Версия	Version
Вздохи	Sighs
Виллин	Villin
Висмут	Bismuth
Выброс	Eruption
Выводы	Conclusions
Высота	Height
Галлий	Gallium
Гексан	Hexane
Гептан	Heptane
Гистон	Histone
Глицин	Glycine
Глютен	Gluten
Группа	Blood group 8
ДНКаза	DNAse B
Дапсон	Dapsone
Десмин	Desmin
Детрит	Debris
Дефект	Defect
Диабет	Diabetes
Дикват	Diquat
Дрожжи	Yeast
Другие	Other cells
Жалоба	Complaint
Железо	Iron
Задняя	Back
Запись	Note
Защита	Protection
Золото	Gold
Инозин	Inosine
Инулин	Inulin
Йогурт	Yogurt
Кадмий	Cadmium
Казеин	Casein
Какаду	Cockatoo
Каптан	Captan
Кетоны	Ketones
Клевер	Clover
Кодеин	Codeine
Кокаин	Cocaine
Корень	Root
Кофеин	Caffeine
Кролик	Rabbit
Лактат	Lactate
Латекс	Latex
Лаурат	Laurate
Лебеда	Saltbush
Лейцин	Leucine
Лептин	Leptin
Линдан	Lindane
Липиды	Lipids
Магний	Magnesium
Ментол	Menthol
Миелин	Myelin
Миозин	Myosin
Молоко	Milk
Морфин	Morphine
Мускат	Nutmeg
Мышьяк	Arsenic
Натрий	Sodium
Нафтол	Naphthol
Ниацин	Niacin
Нижняя	Bottom
Никель	Nickel
Нитрат	Nitrate
Нитрит	Nitrite
Опиаты	Opiates
Оротат	Orotate
Папаин	Papain
Пентан	Pentane
Пепсин	Pepsin
Печень	Liver
Пикноз	Pyknosis
Полипы	Polyps
Потеря	Leak
Прикус	Edentulous ridge relationship
Пролин	Proline
Пропан	Propane
Работа	Work
Радиус	Radius
Размер	Size
Реагин	Reagin
Рибоза	Ribose
Свинец	Lead
Свёкла	Beet
Сиалат	Sialate
Состав	Composition
Стадия	Stage
Статус	Status
Стирол	Styrene
Страна	Country
Сурьма	Antimony
Такрин	Tacrine
Таллий	Thallium
Таурин	Taurine
Тебаин	Thebaine
Тиамин	Thiamine
Толуол	Toluene
Тритий	Tritium
Тургор	Turgor
Тучные	Mast cells
Уабаин	Ouabain
Урацил	Uracil
Уреаза	Urease
Уридин	Uridine
Уронат	Uronate
Утечка	Leak
Фасцин	Fascin
Фенолы	Phenols
Фибрин	Fibrin
Формат	Formate
Фосген	Phosgene
Фосфат	Phosphate
Фосфид	Phosphide
Фосфин	Phosphine
Фторид	Fluoride
Фуроат	Furoate
Хирург	Surgeon
Хлорат	Chlorate
Хлорид	Chloride
Хромат	Chromate
Цианид	Cyanide
Цистин	Cystine
Цитрат	Citrate
Ширина	Width
Широта	Latitude
Эметин	Emetine
Эндрин	Endrin
Эстрон	Estrone
Этанол	Ethanol
Этилен	Ethylene
Яичник	Ovary
грубая	coarse
диареи	Bovine diarrhea virus 2
другой	other
зрелая	mature
зрелые	mature
зубной	dental
клизма	enema
ламбда	lambda
лямбда	lambda
мелкие	fine
первый	first
плазма	plasma
подтип	I (int) subtype
правый	right
прочий	other
свежий	Foeniculum vulgare fresh
свиной	porcine
сердце	heart
стеноз	stenosis
тонкая	fine
фактор	Lupus erythematosus factor
Абрин	Abrine
Адрес	Address
Актин	Actin
Акула	Shark
Амины	Amines
Барий	Barium
Борат	Borate
Бутан	Butane
Валин	Valine
Вирус	Virus
Время	Time
Выдох	Expiration
Город	City
Грибы	Fungi
Длина	Length
Желчь	Bile
Запах	Odor
Зерно	Grain
Индий	Indium
Индюк	Turkey
Итого	Totals
Йодид	Iodide
Калий	Potassium
Канал	Tunneling
Капок	Kapok
Карри	Curry
Катин	Cathine
Класс	Class
Кровь	Blood
Кумол	Cumene
Ламин	Lamin
Лизин	Lysine
Литий	Lithium
Малат	Malate
Масса	Weight
Метан	Methane
Метод	Method
Мидия	Mussel
Общий	Total
Объём	Volume
Олеат	Oleate
Олово	Tin
Осмий	Osmium
Отчёт	Report
Паузы	Pauses
Пахта	Buttermilk
Плоды	Fetuses
Порог	Cutoff
Проба	Challenge
Ренин	Renin
Риски	Risks
Ртуть	Mercury
Сахар	Sugar
Селен	Selenium
Серин	Serine
Слизь	Mucus
Солод	Malt
Стоит	Sit to stand
Сфера	Sphere
Тимин	Thymine
Титан	Titanium
Торий	Thorium
Торус	Torus
Тыква	Squash
Фазан	Pheasant
Фенол	Phenol
Фитат	Phytate
Фолат	Folate
Форат	Phorate
Форма	Shape
Фрукт	Fruit
Хинин	quiNINE
Холат	Cholate
Цезий	Cesium
Этион	Ethion
альфа	alpha
аорта	aorta
болюс	bolus
бычий	bovine
вздох	sigh
вирус	Marburg virus
выдох	expired
гамма	gamma
каппа	kappa
конец	end
левый	left
макро	macro
малые	small
малый	small
микро	micro
омега	omega
после	5H post 1 ug
поток	jet
рвота	emesis
реган	regan
слюна	saliva
слюны	salivary
сухая	dried
тонус	tone
эфиры	esters
Азот	Nitrogen
Бром	Bromine
Вдох	Inspiration
Вода	Water
Врач	Physician
Газы	Gas
Гриб	Fungus
Дата	Date
Изюм	Raisin
Клещ	Mite
Клён	Maple
Кола	Cola
ЛПНП	LDL
Лиса	Fox
Лицо	Person
Марь	Pigweed spiny
Медь	Copper
Минт	min
НАДФ	NADP
Нёбо	Palate
Отёк	Edema
Очаг	Nidus
Путь	Route
Рапс	Colza
Роды	Births
Роль	Role
Рост	Body height
Сено	Hay
Сила	Strength
Скан	Scan
Стул	Stools
ТЛВЧ	HTLV
Уран	Uranium
Урат	Urate
Хлор	Chlorine
Хром	Chromium
Цвет	Color
Цели	Goals
Цинк	Zinc
Шёлк	Silk
Этан	Ethane
аЧТВ	aPTT
бета	beta
вдох	inspiratory
гифы	hyphae
доза	dose
икра	Salmo salar roe
макс	max
моча	urine
орех	Carya illinoinensis nut
плод	Rosa spp hip
путь	route
разн	misc
раса	Race
стул	stool
цинк	zinc
Бор	Boron
Бук	Beech Fagus IgE Ab
Вид	Appearance
Газ	Gas
Жир	Fat
Йод	Iodine
Лён	Linen
Мёд	Honey
НАД	NAD
Ось	Axis
Пол	Sex
Рак	Cancer
Тип	Type
ЦСЖ	CSF
ждк	fld
тон	Methyl
